Workbook

Sheet T4.x - MUX
A1: Teensy4 | B1: T4.1 | C1: MMOD | D1: Name | E1: ALT0 | F1: ALt1 | G1: ALT2 | H1: ALT3 | I1: ALT4 | J1: Alt5 | K1: ALT6 | L1: ALT7 | M1: ALT8 | N1: ALT9
A2: =_xlfn.XLOOKUP(D2,'T4'!$B$2:$B$56,'T4'!$A$2:$A$56,"") -> 1 | B2: =_xlfn.XLOOKUP(D2,'T4.1 MUX'!$B$2:$B$56,'T4.1 MUX'!$A$2:$A$56,"") -> 1 | C2: =_xlfn.XLOOKUP(D2, Micromod!$D$2:$D$47,Micromod!$A$2:$A$47,"") -> 01 | D2: AD_B0_02 | E2: FLEXCAN2_TX | F2: XBAR1_INOUT16 | G2: LPUART6_TX | H2: USB_OTG1_PWR | I2: LEXPWM1_PWMX0 | J2: GPIO1_IO02 | K2: LPI2C1_HREQ | L2: LPSPI3_SDI
A3: =_xlfn.XLOOKUP(D3,'T4'!$B$2:$B$56,'T4'!$A$2:$A$56,"") -> 0 | B3: =_xlfn.XLOOKUP(D3,'T4.1 MUX'!$B$2:$B$56,'T4.1 MUX'!$A$2:$A$56,"") -> 0 | C3: =_xlfn.XLOOKUP(D3, Micromod!$D$2:$D$47,Micromod!$A$2:$A$47,"") -> 00 | D3: AD_B0_03 | E3: FLEXCAN2_RX | F3: XBAR1_INOUT17 | G3: LPUART6_RX | H3: USB_OTG1_OC | I3: FLEXPWM1_PWMX01 | J3: GPIO1_IO03 | K3: REF_CLK_24M | L3: LPSPI3_PCS0
A4: =_xlfn.XLOOKUP(D4,'T4'!$B$2:$B$56,'T4'!$A$2:$A$56,"") -> 24/A10 | B4: =_xlfn.XLOOKUP(D4,'T4.1 MUX'!$B$2:$B$56,'T4.1 MUX'!$A$2:$A$56,"") -> 24/A10 | C4: =_xlfn.XLOOKUP(D4, Micromod!$D$2:$D$47,Micromod!$A$2:$A$47,"") -> 24/A10 | D4: AD_B0_12 | E4: LPI2C4_SCL | F4: CCM_PMIC_READY | G4: LPUART1_TX | H4: WDOG2_WDOG_B | I4: FLEXPWM1_PWMX02 | J4: GPIO1_IO12 | K4: ENET_1588_EVENT1_OUT | L4: NMI_GLUE_NMI
A5: =_xlfn.XLOOKUP(D5,'T4'!$B$2:$B$56,'T4'!$A$2:$A$56,"") -> 25/A11 | B5: =_xlfn.XLOOKUP(D5,'T4.1 MUX'!$B$2:$B$56,'T4.1 MUX'!$A$2:$A$56,"") -> 25/A11 | C5: =_xlfn.XLOOKUP(D5, Micromod!$D$2:$D$47,Micromod!$A$2:$A$47,"") -> 25/A11 | D5: AD_B0_13 | E5: LPI2C4_SDA | F5: GPT1_CLK | G5: LPUART1_RX | H5: EWM_OUT_B | I5: FLEXPWM1_PWMX03 | J5: GPIO1_IO13 | K5: ENET_1588_EVENT1_IN | L5: REF_CLK_24M
A6: =_xlfn.XLOOKUP(D6,'T4'!$B$2:$B$56,'T4'!$A$2:$A$56,"") -> 19/A5 | B6: =_xlfn.XLOOKUP(D6,'T4.1 MUX'!$B$2:$B$56,'T4.1 MUX'!$A$2:$A$56,"") -> 19/A5 | C6: =_xlfn.XLOOKUP(D6, Micromod!$D$2:$D$47,Micromod!$A$2:$A$47,"") -> 19/A5 | D6: AD_B1_00 | E6: USB_OTG2_ID | F6: QTIMER3_TIMER0 | G6: LPUART2_CTS_B | H6: LPI2C1_SCL | I6: WDOG1_B | J6: GPIO1_IO16 | K6: USDHC1_W | L6: KPP_ROW07 | M6: ENET2_1588_EVENT0_OUT | N6: FLEXIO3_FLEXIO00
A7: =_xlfn.XLOOKUP(D7,'T4'!$B$2:$B$56,'T4'!$A$2:$A$56,"") -> 18/A4 | B7: =_xlfn.XLOOKUP(D7,'T4.1 MUX'!$B$2:$B$56,'T4.1 MUX'!$A$2:$A$56,"") -> 18/A4 | C7: =_xlfn.XLOOKUP(D7, Micromod!$D$2:$D$47,Micromod!$A$2:$A$47,"") -> 18/A4 | D7: AD_B1_01 | E7: USB_OTG1_PWR | F7: QTIMER3_TIMER1 | G7: LPUART2_RTS_B | H7: LPI2C1_SDA | I7: CCM_PMIC_READY | J7: GPIO1_IO17 | K7: USDHC1_VSELECT | L7: KPP_COL07 | M7: ENET2_1588_EVENT0_IN | N7: FLEXIO3_FLEXIO01
A8: =_xlfn.XLOOKUP(D8,'T4'!$B$2:$B$56,'T4'!$A$2:$A$56,"") -> 14/A0 | B8: =_xlfn.XLOOKUP(D8,'T4.1 MUX'!$B$2:$B$56,'T4.1 MUX'!$A$2:$A$56,"") -> 14/A0 | C8: =_xlfn.XLOOKUP(D8, Micromod!$D$2:$D$47,Micromod!$A$2:$A$47,"") -> 14/A0 | D8: AD_B1_02 | E8: USB_OTG1_ID | F8: QTIMER3_TIMER2 | G8: LPUART2_TX | H8: SPDIF_OUT | I8: ENET_1588_EVENT2_OUT | J8: GPIO1_IO18 | K8: USDHC1_CD_B | L8: KPP_ROW06 | M8: GPT2_CLK | N8: FLEXIO3_FLEXIO02
A9: =_xlfn.XLOOKUP(D9,'T4'!$B$2:$B$56,'T4'!$A$2:$A$56,"") -> 15/A1 | B9: =_xlfn.XLOOKUP(D9,'T4.1 MUX'!$B$2:$B$56,'T4.1 MUX'!$A$2:$A$56,"") -> 15/A1 | C9: =_xlfn.XLOOKUP(D9, Micromod!$D$2:$D$47,Micromod!$A$2:$A$47,"") -> 15/A1 | D9: AD_B1_03 | E9: USB_OTG1_OC | F9: QTIMER3_TIMER3 | G9: LPUART2_RX | H9: SPDIF_IN | I9: ENET_1588_EVENT2_IN | J9: GPIO1_IO19 | K9: USDHC2_CD_B | L9: KPP_COL06 | M9: GPT2_CAPTURE1 | N9: FLEXIO3_FLEXIO03
A10: =_xlfn.XLOOKUP(D10,'T4'!$B$2:$B$56,'T4'!$A$2:$A$56,"") | B10: =_xlfn.XLOOKUP(D10,'T4.1 MUX'!$B$2:$B$56,'T4.1 MUX'!$A$2:$A$56,"") -> 40/A16 | C10: =_xlfn.XLOOKUP(D10, Micromod!$D$2:$D$47,Micromod!$A$2:$A$47,"") | D10: AD_B1_04 | E10: FLEXSPIB_DATA03 | F10: ENET_MDC | G10: LPUART3_CTS_B | H10: SPDIF_SR_CLK | I10: CSI_PIXCLK | J10: GPIO1_IO20 | K10: USDHC2_DATA0 | L10: KPP_ROW05 | M10: GPT2_CAPTURE2 | N10: FLEXIO3_FLEXIO04
A11: =_xlfn.XLOOKUP(D11,'T4'!$B$2:$B$56,'T4'!$A$2:$A$56,"") | B11: =_xlfn.XLOOKUP(D11,'T4.1 MUX'!$B$2:$B$56,'T4.1 MUX'!$A$2:$A$56,"") -> 41/A17 | C11: =_xlfn.XLOOKUP(D11, Micromod!$D$2:$D$47,Micromod!$A$2:$A$47,"") | D11: AD_B1_05 | E11: FLEXSPIB_DATA02 | F11: ENET_MDIO | G11: LPUART3_RTS_B | H11: SPDIF_OUT | I11: CSI_MCLK | J11: GPIO1_IO21 | K11: USDHC2_DATA1 | L11: KPP_COL05 | M11: GPT2_COMPARE1 | N11: FLEXIO3_FLEXIO05
A12: =_xlfn.XLOOKUP(D12,'T4'!$B$2:$B$56,'T4'!$A$2:$A$56,"") -> 17/A3 | B12: =_xlfn.XLOOKUP(D12,'T4.1 MUX'!$B$2:$B$56,'T4.1 MUX'!$A$2:$A$56,"") -> 17/A3 | C12: =_xlfn.XLOOKUP(D12, Micromod!$D$2:$D$47,Micromod!$A$2:$A$47,"") -> 17/A3 | D12: AD_B1_06 | E12: FLEXSPIB_DATA01 | F12: LPI2C3_SDA | G12: LPUART3_TX | H12: SPDIF_LOCK | I12: CSI_VSYNC | J12: GPIO1_IO22 | K12: USDHC2_DATA2 | L12: KPP_ROW04 | M12: GPT2_COMPARE2 | N12: FLEXIO3_FLEXIO06
A13: =_xlfn.XLOOKUP(D13,'T4'!$B$2:$B$56,'T4'!$A$2:$A$56,"") -> 16/A2 | B13: =_xlfn.XLOOKUP(D13,'T4.1 MUX'!$B$2:$B$56,'T4.1 MUX'!$A$2:$A$56,"") -> 16/A2 | C13: =_xlfn.XLOOKUP(D13, Micromod!$D$2:$D$47,Micromod!$A$2:$A$47,"") -> 16/A2 | D13: AD_B1_07 | E13: FLEXSPIB_DATA00 | F13: LPI2C3_SCL | G13: LPUART3_RX | H13: SPDIF_EXT_CLK | I13: CSI_HSYNC | J13: GPIO1_IO23 | K13: USDHC2_DATA3 | L13: KPP_COL04 | M13: GPT2_COMPARE3 | N13: FLEXIO3_FLEXIO07
A14: =_xlfn.XLOOKUP(D14,'T4'!$B$2:$B$56,'T4'!$A$2:$A$56,"") -> 22/A8 | B14: =_xlfn.XLOOKUP(D14,'T4.1 MUX'!$B$2:$B$56,'T4.1 MUX'!$A$2:$A$56,"") -> 22/A8 | C14: =_xlfn.XLOOKUP(D14, Micromod!$D$2:$D$47,Micromod!$A$2:$A$47,"") -> 22/A8 | D14: AD_B1_08 | E14: FLEXSPIA_SS1_B | F14: FLEXPWM4_PWMA00 | G14: FLEXCAN1_TX | H14: CCM_PMIC_READY | I14: CSI_DATA09 | J14: GPIO1_IO24 | K14: USDHC2_CMD | L14: KPP_ROW03 | N14: FLEXIO3_FLEXIO08
A15: =_xlfn.XLOOKUP(D15,'T4'!$B$2:$B$56,'T4'!$A$2:$A$56,"") -> 23/A9 | B15: =_xlfn.XLOOKUP(D15,'T4.1 MUX'!$B$2:$B$56,'T4.1 MUX'!$A$2:$A$56,"") -> 23/A9 | C15: =_xlfn.XLOOKUP(D15, Micromod!$D$2:$D$47,Micromod!$A$2:$A$47,"") -> 23/A9 | D15: AD_B1_09 | E15: FLEXSPIA_DQS | F15: FLEXPWM4_PWMA01 | G15: FLEXCAN1_RX | H15: SAI1_MCLK | I15: CSI_DATA08 | J15: GPIO1_IO25 | K15: USDHC2_CLK | L15: KPP_COL03 | N15: FLEXIO3_FLEXIO09
A16: =_xlfn.XLOOKUP(D16,'T4'!$B$2:$B$56,'T4'!$A$2:$A$56,"") -> 20/A6 | B16: =_xlfn.XLOOKUP(D16,'T4.1 MUX'!$B$2:$B$56,'T4.1 MUX'!$A$2:$A$56,"") -> 20/A6 | C16: =_xlfn.XLOOKUP(D16, Micromod!$D$2:$D$47,Micromod!$A$2:$A$47,"") -> 20/A6 | D16: AD_B1_10 | E16: FLEXSPIA_DATA03 | F16: WDOG1_B | G16: LPUART8_TX | H16: SAI1_RX_SYNC | I16: CSI_DATA07 | J16: GPIO1_IO26 | K16: USDHC2_WP | L16: KPP_ROW02 | M16: ENET2_1588_EVENT1_OUT | N16: FLEXIO3_FLEXIO10
A17: =_xlfn.XLOOKUP(D17,'T4'!$B$2:$B$56,'T4'!$A$2:$A$56,"") -> 21/A7 | B17: =_xlfn.XLOOKUP(D17,'T4.1 MUX'!$B$2:$B$56,'T4.1 MUX'!$A$2:$A$56,"") -> 21/A7 | C17: =_xlfn.XLOOKUP(D17, Micromod!$D$2:$D$47,Micromod!$A$2:$A$47,"") -> 21/A7 | D17: AD_B1_11 | E17: FLEXSPIA_DATA02 | F17: EWM_OUT_B | G17: LPUART8_RX | H17: SAI1_RX_BCL | I17: CSI_DATA06 | J17: GPIO1_IO27 | K17: USDHC2_RESET_B | L17: KPP_COL02 | M17: ENET2_1588_EVENT1_IN | N17: FLEXIO3_FLEXIO11
A18: =_xlfn.XLOOKUP(D18,'T4'!$B$2:$B$56,'T4'!$A$2:$A$56,"") | B18: =_xlfn.XLOOKUP(D18,'T4.1 MUX'!$B$2:$B$56,'T4.1 MUX'!$A$2:$A$56,"") -> 38/A14 | C18: =_xlfn.XLOOKUP(D18, Micromod!$D$2:$D$47,Micromod!$A$2:$A$47,"") | D18: AD_B1_12 | E18: FLEXSPIA_DATA01 | F18: ACMP_OUT00 | G18: LPSPI3_PCS0 | H18: SAI1_RX_DATA00 | I18: CSI_DATA05 | J18: GPIO1_IO28 | K18: USDHC2_DATA4 | L18: KPP_ROW01 | M18: ENET2_1588_EVENT2_OUT | N18: FLEXIO3_FLEXIO12
A19: =_xlfn.XLOOKUP(D19,'T4'!$B$2:$B$56,'T4'!$A$2:$A$56,"") | B19: =_xlfn.XLOOKUP(D19,'T4.1 MUX'!$B$2:$B$56,'T4.1 MUX'!$A$2:$A$56,"") -> 39/A5 | C19: =_xlfn.XLOOKUP(D19, Micromod!$D$2:$D$47,Micromod!$A$2:$A$47,"") | D19: AD_B1_13 | E19: FLEXSPIA_DATA00 | F19: ACMP_OUT01 | G19: LPSPI3_SDI | H19: SAI1_TX_DATA00 | I19: CSI_DATA04 | J19: GPIO1_IO29 | K19: USDHC2_DATA5 | L19: KPP_COL01 | M19: ENET2_1588_EVENT2_IN | N19: FLEXIO3_FLEXIO13
A20: =_xlfn.XLOOKUP(D20,'T4'!$B$2:$B$56,'T4'!$A$2:$A$56,"") -> 26/A12 | B20: =_xlfn.XLOOKUP(D20,'T4.1 MUX'!$B$2:$B$56,'T4.1 MUX'!$A$2:$A$56,"") -> 26/A12 | C20: =_xlfn.XLOOKUP(D20, Micromod!$D$2:$D$47,Micromod!$A$2:$A$47,"") -> 26/A12 | D20: AD_B1_14 | E20: FLEXSPIA_SCLK | F20: ACMP_OUT02 | G20: LPSPI3_SDO | H20: SAI1_TX_BCLK | I20: CSI_DATA03 | J20: GPIO1_IO30 | K20: USDHC2_DATA6 | L20: KPP_ROW00 | M20: ENET2_1588_EVENT3_OUT | N20: FLEXIO3_FLEXIO14
A21: =_xlfn.XLOOKUP(D21,'T4'!$B$2:$B$56,'T4'!$A$2:$A$56,"") -> 27/A13 | B21: =_xlfn.XLOOKUP(D21,'T4.1 MUX'!$B$2:$B$56,'T4.1 MUX'!$A$2:$A$56,"") -> 27/A13 | C21: =_xlfn.XLOOKUP(D21, Micromod!$D$2:$D$47,Micromod!$A$2:$A$47,"") -> 27/A13 | D21: AD_B1_15 | E21: FLEXSPIA_SS0_B | F21: ACMP_OUT03 | G21: LPSPI3_SCK | H21: SAI1_TX_SYNC | I21: CSI_DATA02 | J21: GPIO1_IO31 | K21: USDHC2_DATA7 | L21: KPP_COL00 | M21: ENET2_1588_EVENT3_IN | N21: FLEXIO3_FLEXIO15
A22: =_xlfn.XLOOKUP(D22,'T4'!$B$2:$B$56,'T4'!$A$2:$A$56,"") -> 10 | B22: =_xlfn.XLOOKUP(D22,'T4.1 MUX'!$B$2:$B$56,'T4.1 MUX'!$A$2:$A$56,"") -> 10 | C22: =_xlfn.XLOOKUP(D22, Micromod!$D$2:$D$47,Micromod!$A$2:$A$47,"") -> 10 | D22: B0_00 | E22: LCD_CLK | F22: QTIMER1_TIMER0 | G22: MQS_RIGHT | H22: LPSPI4_PCS0 | I22: FLEXIO2_FLEXIO00 | J22: GPIO2_IO00 | K22: SEMC_CSX01 | M22: ENET2_MDC
A23: =_xlfn.XLOOKUP(D23,'T4'!$B$2:$B$56,'T4'!$A$2:$A$56,"") -> 12 | B23: =_xlfn.XLOOKUP(D23,'T4.1 MUX'!$B$2:$B$56,'T4.1 MUX'!$A$2:$A$56,"") -> 12 | C23: =_xlfn.XLOOKUP(D23, Micromod!$D$2:$D$47,Micromod!$A$2:$A$47,"") -> 12 | D23: B0_01 | E23: LCD_ENABLE | F23: QTIMER1_TIMER1 | G23: MQS_LEFT | H23: LPSPI4_SDI | I23: FLEXIO2_FLEXIO01 | J23: GPIO2_IO01 | K23: SEMC_CSX02 | M23: ENET2_MDIO
A24: =_xlfn.XLOOKUP(D24,'T4'!$B$2:$B$56,'T4'!$A$2:$A$56,"") -> 11 | B24: =_xlfn.XLOOKUP(D24,'T4.1 MUX'!$B$2:$B$56,'T4.1 MUX'!$A$2:$A$56,"") -> 11 | C24: =_xlfn.XLOOKUP(D24, Micromod!$D$2:$D$47,Micromod!$A$2:$A$47,"") -> 11 | D24: B0_02 | E24: LCD_HSYNC | F24: QTIMER1_TIMER2 | G24: FLEXCAN1_TX | H24: LPSPI4_SDO | I24: FLEXIO2_FLEXIO02 | J24: GPIO2_IO02 | K24: SEMC_CSX03 | M24: ENET2_1588_EVENT0_OUT
A25: =_xlfn.XLOOKUP(D25,'T4'!$B$2:$B$56,'T4'!$A$2:$A$56,"") -> 13 | B25: =_xlfn.XLOOKUP(D25,'T4.1 MUX'!$B$2:$B$56,'T4.1 MUX'!$A$2:$A$56,"") -> 13 | C25: =_xlfn.XLOOKUP(D25, Micromod!$D$2:$D$47,Micromod!$A$2:$A$47,"") -> 13 | D25: B0_03 | E25: LCD_VSYNC | F25: QTIMER2_TIMER0 | G25: FLEXCAN1_RX | H25: LPSPI4_SCK | I25: FLEXIO2_FLEXIO03 | J25: GPIO2_IO03 | K25: WDOG2_RESET_B_DEB | M25: ENET2_1588_EVENT0_IN
A26: =_xlfn.XLOOKUP(D26,'T4'!$B$2:$B$56,'T4'!$A$2:$A$56,"") | B26: =_xlfn.XLOOKUP(D26,'T4.1 MUX'!$B$2:$B$56,'T4.1 MUX'!$A$2:$A$56,"") | C26: =_xlfn.XLOOKUP(D26, Micromod!$D$2:$D$47,Micromod!$A$2:$A$47,"") -> 40 | D26: B0_04 | E26: LCD_DATA00 | F26: QTIMER2_TIMER1 | G26: LPI2C2_SCL | H26: ARM_TRACE0 | I26: FLEXIO2_FLEXIO04 | J26: GPIO2_IO04 | K26: SRC_BOOT_CFG00 | M26: ENET2_TDATA03
A27: =_xlfn.XLOOKUP(D27,'T4'!$B$2:$B$56,'T4'!$A$2:$A$56,"") | B27: =_xlfn.XLOOKUP(D27,'T4.1 MUX'!$B$2:$B$56,'T4.1 MUX'!$A$2:$A$56,"") | C27: =_xlfn.XLOOKUP(D27, Micromod!$D$2:$D$47,Micromod!$A$2:$A$47,"") -> 41 | D27: B0_05 | E27: LCD_DATA01 | F27: QTIMER2_TIMER2 | G27: LPI2C2_SDA | H27: ARM_TRACE1 | I27: FLEXIO2_FLEXIO05 | J27: GPIO2_IO05 | K27: SRC_BOOT_CFG01 | M27: ENET2_TDATA02
A28: =_xlfn.XLOOKUP(D28,'T4'!$B$2:$B$56,'T4'!$A$2:$A$56,"") | B28: =_xlfn.XLOOKUP(D28,'T4.1 MUX'!$B$2:$B$56,'T4.1 MUX'!$A$2:$A$56,"") | C28: =_xlfn.XLOOKUP(D28, Micromod!$D$2:$D$47,Micromod!$A$2:$A$47,"") -> 42 | D28: B0_06 | E28: LCD_DATA02 | F28: QTIMER3_TIMER0 | G28: FLEXPWM2_PWMA00 | H28: ARM_TRACE2 | I28: FLEXIO2_FLEXIO06 | J28: GPIO2_IO06 | K28: SRC_BOOT_CFG02 | M28: ENET2_RX_CLK
A29: =_xlfn.XLOOKUP(D29,'T4'!$B$2:$B$56,'T4'!$A$2:$A$56,"") | B29: =_xlfn.XLOOKUP(D29,'T4.1 MUX'!$B$2:$B$56,'T4.1 MUX'!$A$2:$A$56,"") | C29: =_xlfn.XLOOKUP(D29, Micromod!$D$2:$D$47,Micromod!$A$2:$A$47,"") -> 43 | D29: B0_07 | E29: LCD_DATA03 | F29: QTIMER3_TIMER1 | G29: FLEXPWM2_PWNB00 | H29: ARM_TRACE3 | I29: FLEXIO2_FLEXIO07 | J29: GPIO2_IO07 | K29: SRC_BOOT_CFG03 | M29: ENET2_TX_ER
A30: =_xlfn.XLOOKUP(D30,'T4'!$B$2:$B$56,'T4'!$A$2:$A$56,"") | B30: =_xlfn.XLOOKUP(D30,'T4.1 MUX'!$B$2:$B$56,'T4.1 MUX'!$A$2:$A$56,"") | C30: =_xlfn.XLOOKUP(D30, Micromod!$D$2:$D$47,Micromod!$A$2:$A$47,"") -> 44 | D30: B0_08 | E30: LCD_DATA04 | F30: QTIMER3_TIMER2 | G30: FLEXPWM2_PWMA01 | H30: LPUART3_TX | I30: FLEXIO2_FLEXIO08 | J30: GPIO2_IO08 | K30: SRC_BOOT_CFG04 | M30: ENET2_RDATA03
A31: =_xlfn.XLOOKUP(D31,'T4'!$B$2:$B$56,'T4'!$A$2:$A$56,"") | B31: =_xlfn.XLOOKUP(D31,'T4.1 MUX'!$B$2:$B$56,'T4.1 MUX'!$A$2:$A$56,"") | C31: =_xlfn.XLOOKUP(D31, Micromod!$D$2:$D$47,Micromod!$A$2:$A$47,"") -> 45 | D31: B0_09 | E31: LCD_DATA05 | F31: QTIMER4_TIMER0 | G31: FLEXPWM2_PWMB01 | H31: LPUART3_RX | I31: FLEXIO2_FLEXIO09 | J31: GPIO2_IO09 | K31: SRC_BOOT_CFG05 | M31: ENET2_RDATA02
A32: =_xlfn.XLOOKUP(D32,'T4'!$B$2:$B$56,'T4'!$A$2:$A$56,"") -> 6 | B32: =_xlfn.XLOOKUP(D32,'T4.1 MUX'!$B$2:$B$56,'T4.1 MUX'!$A$2:$A$56,"") -> 6 | C32: =_xlfn.XLOOKUP(D32, Micromod!$D$2:$D$47,Micromod!$A$2:$A$47,"") -> 06 | D32: B0_10 | E32: LCD_DATA06 | F32: QTIMER4_TIMER1 | G32: FLEXPWM2_PWMA02 | H32: SAI1_TX_DATA03 | I32: FLEXIO2_FLEXIO10 | J32: GPIO2_IO10 | K32: SRC_BOOT_CFG06 | M32: ENET2_CRS
A33: =_xlfn.XLOOKUP(D33,'T4'!$B$2:$B$56,'T4'!$A$2:$A$56,"") -> 9 | B33: =_xlfn.XLOOKUP(D33,'T4.1 MUX'!$B$2:$B$56,'T4.1 MUX'!$A$2:$A$56,"") -> 9 | C33: =_xlfn.XLOOKUP(D33, Micromod!$D$2:$D$47,Micromod!$A$2:$A$47,"") -> 09 | D33: B0_11 | E33: LCD_DATA07 | F33: QTIMER4_TIMER2 | G33: FLEXPWM2_PWMB02 | H33: SAI1_TX_DATA02 | I33: FLEXIO2_FLEXIO11 | J33: GPIO2_IO11 | K33: SRC_BOOT_CFG07 | M33: ENET2_COL
A34: =_xlfn.XLOOKUP(D34,'T4'!$B$2:$B$56,'T4'!$A$2:$A$56,"") -> 32 | B34: =_xlfn.XLOOKUP(D34,'T4.1 MUX'!$B$2:$B$56,'T4.1 MUX'!$A$2:$A$56,"") -> 32 | C34: =_xlfn.XLOOKUP(D34, Micromod!$D$2:$D$47,Micromod!$A$2:$A$47,"") -> 32 | D34: B0_12 | E34: LCD_DATA08 | F34: XBAR1_INOUT10 | G34: ARM_TRACE_CLK | H34: SAI1_TX_DATA01 | I34: FLEXIO2_FLEXIO12 | J34: GPIO2_IO12 | K34: SRC_BOOT_CFG08 | M34: ENET2_TDATA00
A35: =_xlfn.XLOOKUP(D35,'T4'!$B$2:$B$56,'T4'!$A$2:$A$56,"") -> 8 | B35: =_xlfn.XLOOKUP(D35,'T4.1 MUX'!$B$2:$B$56,'T4.1 MUX'!$A$2:$A$56,"") -> 8 | C35: =_xlfn.XLOOKUP(D35, Micromod!$D$2:$D$47,Micromod!$A$2:$A$47,"") -> 08 | D35: B1_00 | E35: LCD_DATA12 | F35: XBAR1_INOUT14 | G35: LPUART4_TX | H35: SAI1_RX_DATA00 | I35: FLEXIO2_FLEXIO16 | J35: GPIO2_IO16 | K35: FLEXPWM1_PWMA03 | M35: ENET2_RX_ER | N35: FLEXIO3_FLEXIO16
A36: =_xlfn.XLOOKUP(D36,'T4'!$B$2:$B$56,'T4'!$A$2:$A$56,"") -> 7 | B36: =_xlfn.XLOOKUP(D36,'T4.1 MUX'!$B$2:$B$56,'T4.1 MUX'!$A$2:$A$56,"") -> 7 | C36: =_xlfn.XLOOKUP(D36, Micromod!$D$2:$D$47,Micromod!$A$2:$A$47,"") -> 07 | D36: B1_01 | E36: LCD_DATA13 | F36: XBAR1_INOUT15 | G36: LPUART4_RX | H36: SAI1_TX_DATA00 | I36: FLEXIO2_FLEXIO17 | J36: GPIO2_IO17 | K36: FLEXPWM1_PWMB03 | M36: ENET2_RDATA00 | N36: FLEXIO3_FLEXIO17
A37: =_xlfn.XLOOKUP(D37,'T4'!$B$2:$B$56,'T4'!$A$2:$A$56,"") | B37: =_xlfn.XLOOKUP(D37,'T4.1 MUX'!$B$2:$B$56,'T4.1 MUX'!$A$2:$A$56,"") -> 36 | C37: =_xlfn.XLOOKUP(D37, Micromod!$D$2:$D$47,Micromod!$A$2:$A$47,"") | D37: B1_02 | E37: LCD_DATA14 | F37: XBAR1_INOUT16 | G37: LPSPI4_PCS2 | H37: SAI1_TX_BCLK | I37: FLEXIO2_FLEXIO18 | J37: GPIO2_IO18 | K37: FLEXPWM2_PWMA03 | M37: ENET2_RDATA01 | N37: FLEXIO3_FLEXIO18
A38: =_xlfn.XLOOKUP(D38,'T4'!$B$2:$B$56,'T4'!$A$2:$A$56,"") | B38: =_xlfn.XLOOKUP(D38,'T4.1 MUX'!$B$2:$B$56,'T4.1 MUX'!$A$2:$A$56,"") -> 37 | C38: =_xlfn.XLOOKUP(D38, Micromod!$D$2:$D$47,Micromod!$A$2:$A$47,"") | D38: B1_03 | E38: LCD_DATA15 | F38: XBAR1_INOUT17 | G38: LPSPI4_PCS1 | H38: SAI1_TX_SYNC | I38: FLEXIO2_FLEXIO19 | J38: GPIO2_IO19 | K38: FLEXPWM2_PWMB03 | M38: ENET2_RX_EN | N38: FLEXIO3_FLEXIO19
A39: =_xlfn.XLOOKUP(D39,'T4'!$B$2:$B$56,'T4'!$A$2:$A$56,"") | B39: =_xlfn.XLOOKUP(D39,'T4.1 MUX'!$B$2:$B$56,'T4.1 MUX'!$A$2:$A$56,"") -> 35 | C39: =_xlfn.XLOOKUP(D39, Micromod!$D$2:$D$47,Micromod!$A$2:$A$47,"") | D39: B1_12 | F39: LPUART5_TX | G39: CSI_PIXCLK | H39: ENET_1588_EVENT0_IN | I39: FLEXIO2_FLEXIO28 | J39: GPIO2_IO28 | K39: USDHC1_CD_B | N39: FLEXIO3_FLEXIO28
A40: =_xlfn.XLOOKUP(D40,'T4'!$B$2:$B$56,'T4'!$A$2:$A$56,"") | B40: =_xlfn.XLOOKUP(D40,'T4.1 MUX'!$B$2:$B$56,'T4.1 MUX'!$A$2:$A$56,"") -> 34 | C40: =_xlfn.XLOOKUP(D40, Micromod!$D$2:$D$47,Micromod!$A$2:$A$47,"") | D40: B1_13 | E40: WDOG1_B | F40: LPUART5_RX | G40: CSI_VSYNC | H40: ENET_1588_EVENT0_OUT | I40: FLEXIO2_FLEXIO29 | J40: GPIO2_IO29 | K40: USDHC1_WP | M40: SEMC_DQS4 | N40: FLEXIO3_FLEXIO29
A41: =_xlfn.XLOOKUP(D41,'T4'!$B$2:$B$56,'T4'!$A$2:$A$56,"") -> 2 | B41: =_xlfn.XLOOKUP(D41,'T4.1 MUX'!$B$2:$B$56,'T4.1 MUX'!$A$2:$A$56,"") -> 2 | C41: =_xlfn.XLOOKUP(D41, Micromod!$D$2:$D$47,Micromod!$A$2:$A$47,"") -> 02 | D41: EMC_04 | E41: SEMC_DATA04 | F41: FLEXPWM4_PWMA02 | G41: SAI2_TX_DATA | H41: XBAR1_INOUT06 | I41: FLEXIO1_FLEXIO04 | J41: GPIO4_IO04
A42: =_xlfn.XLOOKUP(D42,'T4'!$B$2:$B$56,'T4'!$A$2:$A$56,"") -> 3 | B42: =_xlfn.XLOOKUP(D42,'T4.1 MUX'!$B$2:$B$56,'T4.1 MUX'!$A$2:$A$56,"") -> 3 | C42: =_xlfn.XLOOKUP(D42, Micromod!$D$2:$D$47,Micromod!$A$2:$A$47,"") -> 03 | D42: EMC_05 | E42: SEMC_DATA05 | F42: FLEXPWM4_PWMB0 | G42: SAI2_TX_SYNC | H42: XBAR1_INOUT07 | I42: FLEXIO1_FLEXIO05 | J42: GPIO4_IO05
A43: =_xlfn.XLOOKUP(D43,'T4'!$B$2:$B$56,'T4'!$A$2:$A$56,"") -> 3 | B43: =_xlfn.XLOOKUP(D43,'T4.1 MUX'!$B$2:$B$56,'T4.1 MUX'!$A$2:$A$56,"") -> 3 | C43: =_xlfn.XLOOKUP(D43, Micromod!$D$2:$D$47,Micromod!$A$2:$A$47,"") -> 03 | D43: EMC_05 | E43: SEMC_DATA05 | F43: FLEXPWM4_PWMB02 | G43: SAI2_TX_SYNC | H43: XBAR1_INOUT07 | I43: FLEXIO1_FLEXIO05 | J43: GPIO4_IO05
A44: =_xlfn.XLOOKUP(D44,'T4'!$B$2:$B$56,'T4'!$A$2:$A$56,"") -> 4 | B44: =_xlfn.XLOOKUP(D44,'T4.1 MUX'!$B$2:$B$56,'T4.1 MUX'!$A$2:$A$56,"") -> 4 | C44: =_xlfn.XLOOKUP(D44, Micromod!$D$2:$D$47,Micromod!$A$2:$A$47,"") -> 04 | D44: EMC_06 | E44: SEMC_DATA06 | F44: FLEXPWM2_PWMA00 | G44: SAI2_TX_BCLK | H44: XBAR1_INOUT08 | I44: FLEXIO1_FLEXIO06 | J44: GPIO4_IO06
A45: =_xlfn.XLOOKUP(D45,'T4'!$B$2:$B$56,'T4'!$A$2:$A$56,"") -> 33 | B45: =_xlfn.XLOOKUP(D45,'T4.1 MUX'!$B$2:$B$56,'T4.1 MUX'!$A$2:$A$56,"") -> 33 | C45: =_xlfn.XLOOKUP(D45, Micromod!$D$2:$D$47,Micromod!$A$2:$A$47,"") -> 33 | D45: EMC_07 | E45: SEMC_DATA07 | F45: FLEXPWM2_PWMB00 | G45: SAI2_MCLK | H45: XBAR1_INOUT09 | I45: FLEXIO1_FLEXIO07 | J45: GPIO4_IO07
A46: =_xlfn.XLOOKUP(D46,'T4'!$B$2:$B$56,'T4'!$A$2:$A$56,"") -> 5 | B46: =_xlfn.XLOOKUP(D46,'T4.1 MUX'!$B$2:$B$56,'T4.1 MUX'!$A$2:$A$56,"") -> 5 | C46: =_xlfn.XLOOKUP(D46, Micromod!$D$2:$D$47,Micromod!$A$2:$A$47,"") -> 05 | D46: EMC_08 | E46: SEMC_DM00 | F46: FLEXPWM2_PWMA01 | G46: SAI2_RX_DATA | H46: XBAR1_INOUT17 | I46: FLEXIO1_FLEXIO08 | J46: GPIO4_IO08
A47: =_xlfn.XLOOKUP(D47,'T4'!$B$2:$B$56,'T4'!$A$2:$A$56,"") | B47: =_xlfn.XLOOKUP(D47,'T4.1 MUX'!$B$2:$B$56,'T4.1 MUX'!$A$2:$A$56,"") -> 51 | C47: =_xlfn.XLOOKUP(D47, Micromod!$D$2:$D$47,Micromod!$A$2:$A$47,"") | D47: EMC_22 | E47: SEMC_BA1 | F47: FLEXPWM3_PWMB03 | G47: LPI2C3_SCL | H47: ENET_TDATA00 | I47: QTIMER2_TIMER3 | J47: GPIO4_IO22 | M47: FLEXSPI2_A_SS1_B of
A48: =_xlfn.XLOOKUP(D48,'T4'!$B$2:$B$56,'T4'!$A$2:$A$56,"") | B48: =_xlfn.XLOOKUP(D48,'T4.1 MUX'!$B$2:$B$56,'T4.1 MUX'!$A$2:$A$56,"") -> 48 | C48: =_xlfn.XLOOKUP(D48, Micromod!$D$2:$D$47,Micromod!$A$2:$A$47,"") | D48: EMC_24 | E48: SEMC_CAS | F48: FLEXPWM1_PWMB00 | G48: LPUART5_RX | H48: ENET_TX_EN | I48: GPT1_CAPTURE1 | J48: GPIO4_IO24 | M48: FLEXSPI2_A_SS0_B
A49: =_xlfn.XLOOKUP(D49,'T4'!$B$2:$B$56,'T4'!$A$2:$A$56,"") | B49: =_xlfn.XLOOKUP(D49,'T4.1 MUX'!$B$2:$B$56,'T4.1 MUX'!$A$2:$A$56,"") -> 53 | C49: =_xlfn.XLOOKUP(D49, Micromod!$D$2:$D$47,Micromod!$A$2:$A$47,"") | D49: EMC_25 | E49: SEMC_RAS | F49: FLEXPWM1_PWMA01 | G49: LPUART6_TX | H49: ENET_TX_CLK | I49: ENET_REF_CLK | J49: GPIO4_IO25 | M49: FLEXSPI2_A_SCLK
A50: =_xlfn.XLOOKUP(D50,'T4'!$B$2:$B$56,'T4'!$A$2:$A$56,"") | B50: =_xlfn.XLOOKUP(D50,'T4.1 MUX'!$B$2:$B$56,'T4.1 MUX'!$A$2:$A$56,"") -> 52 | C50: =_xlfn.XLOOKUP(D50, Micromod!$D$2:$D$47,Micromod!$A$2:$A$47,"") | D50: EMC_26 | E50: SEMC_CLK | F50: FLEXPWM1_PWMB01 | G50: LPUART6_RX | H50: ENET_RX_ER | I50: FLEXIO1_FLEXIO12 | J50: GPIO4_IO26 | M50: FLEXSPI2_A_DATA00
A51: =_xlfn.XLOOKUP(D51,'T4'!$B$2:$B$56,'T4'!$A$2:$A$56,"") | B51: =_xlfn.XLOOKUP(D51,'T4.1 MUX'!$B$2:$B$56,'T4.1 MUX'!$A$2:$A$56,"") -> 49 | C51: =_xlfn.XLOOKUP(D51, Micromod!$D$2:$D$47,Micromod!$A$2:$A$47,"") | D51: EMC_27 | E51: SEMC_CKE | F51: FLEXPWM1_PWMA02 | G51: LPUART5_RTS_B | H51: LPSPI1_SCK | I51: FLEXIO1_FLEXIO13 | J51: GPIO4_IO27 | M51: FLEXSPI2_A_DATA01
A52: =_xlfn.XLOOKUP(D52,'T4'!$B$2:$B$56,'T4'!$A$2:$A$56,"") | B52: =_xlfn.XLOOKUP(D52,'T4.1 MUX'!$B$2:$B$56,'T4.1 MUX'!$A$2:$A$56,"") -> 50 | C52: =_xlfn.XLOOKUP(D52, Micromod!$D$2:$D$47,Micromod!$A$2:$A$47,"") | D52: EMC_28 | E52: SEMC_WE | F52: FLEXPWM1_PWMB02 | G52: LPUART5_CTS_B | H52: LPSPI1_SDO | I52: FLEXIO1_FLEXIO14 | J52: GPIO4_IO28 | M52: FLEXSPI2_A_DATA02
A53: =_xlfn.XLOOKUP(D53,'T4'!$B$2:$B$56,'T4'!$A$2:$A$56,"") | B53: =_xlfn.XLOOKUP(D53,'T4.1 MUX'!$B$2:$B$56,'T4.1 MUX'!$A$2:$A$56,"") -> 54 | C53: =_xlfn.XLOOKUP(D53, Micromod!$D$2:$D$47,Micromod!$A$2:$A$47,"") | D53: EMC_29 | E53: SEMC_CS0 | F53: FLEXPWM3_PWMA00 | G53: LPUART6_RTS_B | H53: LPSPI1_SDI | I53: FLEXIO1_FLEXIO15 | J53: GPIO4_IO29 | M53: FLEXSPI2_A_DATA03
A54: =_xlfn.XLOOKUP(D54,'T4'!$B$2:$B$56,'T4'!$A$2:$A$56,"") -> 29 | B54: =_xlfn.XLOOKUP(D54,'T4.1 MUX'!$B$2:$B$56,'T4.1 MUX'!$A$2:$A$56,"") -> 29 | C54: =_xlfn.XLOOKUP(D54, Micromod!$D$2:$D$47,Micromod!$A$2:$A$47,"") -> 29 | D54: EMC_31 | E54: SEMC_DATA09 | F54: FLEXPWM3_PWMA01 | G54: LPUART7_TX | H54: LPSPI1_PCS1 | I54: CSI_DATA22 | J54: GPIO4_IO31 | M54: ENET2_TDATA01
A55: =_xlfn.XLOOKUP(D55,'T4'!$B$2:$B$56,'T4'!$A$2:$A$56,"") -> 28 | B55: =_xlfn.XLOOKUP(D55,'T4.1 MUX'!$B$2:$B$56,'T4.1 MUX'!$A$2:$A$56,"") -> 28 | C55: =_xlfn.XLOOKUP(D55, Micromod!$D$2:$D$47,Micromod!$A$2:$A$47,"") -> 28 | D55: EMC_32 | E55: SEMC_DATA10 | F55: FLEXPWM3_PWMB01 | G55: LPUART7_RX | H55: CCM_PMIC_RDY | I55: CSI_DATA21 | J55: GPIO3_IO18 | M55: ENET2_TX_EN
A56: =_xlfn.XLOOKUP(D56,'T4'!$B$2:$B$56,'T4'!$A$2:$A$56,"") -> 31 | B56: =_xlfn.XLOOKUP(D56,'T4.1 MUX'!$B$2:$B$56,'T4.1 MUX'!$A$2:$A$56,"") -> 31 | C56: =_xlfn.XLOOKUP(D56, Micromod!$D$2:$D$47,Micromod!$A$2:$A$47,"") -> 31 | D56: EMC_36 | E56: SEMC_DATA14 | F56: XBAR1_IN22 | G56: GPT1_COMPARE2 | H56: SAI3_TX_DATA | I56: CSI_DATA17 | J56: GPIO3_IO22 | K56: USDHC1_WP | M56: ENET2_RDATA01 | N56: FLEXCAN3_TX
A57: =_xlfn.XLOOKUP(D57,'T4'!$B$2:$B$56,'T4'!$A$2:$A$56,"") -> 30 | B57: =_xlfn.XLOOKUP(D57,'T4.1 MUX'!$B$2:$B$56,'T4.1 MUX'!$A$2:$A$56,"") -> 30 | C57: =_xlfn.XLOOKUP(D57, Micromod!$D$2:$D$47,Micromod!$A$2:$A$47,"") -> 30 | D57: EMC_37 | E57: SEMC_DATA15 | F57: XBAR1_IN23 | G57: GPT1_COMPARE3 | H57: SAI3_MCLK | I57: CSI_DATA16 | J57: GPIO3_IO23 | K57: USDHC2_WP | M57: ENET2_RX_EN | N57: FLEXCAN3_RX
A58: =_xlfn.XLOOKUP(D58,'T4'!$B$2:$B$56,'T4'!$A$2:$A$56,"") -> 37 | B58: =_xlfn.XLOOKUP(D58,'T4.1 MUX'!$B$2:$B$56,'T4.1 MUX'!$A$2:$A$56,"") -> 45 | C58: =_xlfn.XLOOKUP(D58, Micromod!$D$2:$D$47,Micromod!$A$2:$A$47,"") -> 37 | D58: SD_B0_00 | E58: USDHC1_CMD | F58: FLEXPWM1_PWMA00 | G58: LPI2C3_SCL | H58: XBAR1_INOUT04 | I58: LPSPI1_SCK | J58: GPIO3_IO12 | K58: FLEXSPIA_SS1_B | M58: ENET2_TX_EN | N58: SEMC_DQS4
A59: =_xlfn.XLOOKUP(D59,'T4'!$B$2:$B$56,'T4'!$A$2:$A$56,"") -> 36 | B59: =_xlfn.XLOOKUP(D59,'T4.1 MUX'!$B$2:$B$56,'T4.1 MUX'!$A$2:$A$56,"") -> 44 | C59: =_xlfn.XLOOKUP(D59, Micromod!$D$2:$D$47,Micromod!$A$2:$A$47,"") -> 36 | D59: SD_B0_01 | E59: USDHC1_CLK | F59: FLEXPWM1_PWMB00 | G59: LPI2C3_SDA | H59: XBAR1_INOUT05 | I59: LPSPI1_PCS0 | J59: GPIO3_IO13 | K59: FLEXSPIB_SS1_B | M59: ENET2_TX_CLK | N59: ENET2_REF_CLK2
A60: =_xlfn.XLOOKUP(D60,'T4'!$B$2:$B$56,'T4'!$A$2:$A$56,"") -> 35 | B60: =_xlfn.XLOOKUP(D60,'T4.1 MUX'!$B$2:$B$56,'T4.1 MUX'!$A$2:$A$56,"") -> 43 | C60: =_xlfn.XLOOKUP(D60, Micromod!$D$2:$D$47,Micromod!$A$2:$A$47,"") -> 35 | D60: SD_B0_02 | E60: USDHC1_DATA0 | F60: FLEXPWM1_PWMA01 | G60: LPUART8_CTS_B | H60: XBAR1_INOUT06 | I60: LPSPI1_SDO | J60: GPIO3_IO14 | M60: ENET2_RX_ER | N60: SEMC_CLK5
A61: =_xlfn.XLOOKUP(D61,'T4'!$B$2:$B$56,'T4'!$A$2:$A$56,"") -> 34 | B61: =_xlfn.XLOOKUP(D61,'T4.1 MUX'!$B$2:$B$56,'T4.1 MUX'!$A$2:$A$56,"") -> 42 | C61: =_xlfn.XLOOKUP(D61, Micromod!$D$2:$D$47,Micromod!$A$2:$A$47,"") -> 34 | D61: SD_B0_03 | E61: USDHC1_DATA1 | F61: FLEXPWM1_PWMB01 | G61: LPUART8_RTS_B | H61: XBAR1_INOUT07 | I61: LPSPI1_SDI | J61: GPIO3_IO15 | M61: ENET2_RDATA00 | N61: SEMC_CLK6
A62: =_xlfn.XLOOKUP(D62,'T4'!$B$2:$B$56,'T4'!$A$2:$A$56,"") -> 39 | B62: =_xlfn.XLOOKUP(D62,'T4.1 MUX'!$B$2:$B$56,'T4.1 MUX'!$A$2:$A$56,"") -> 47 | C62: =_xlfn.XLOOKUP(D62, Micromod!$D$2:$D$47,Micromod!$A$2:$A$47,"") -> 38 | D62: SD_B0_04 | E62: USDHC1_DATA2 | F62: FLEXPWM1_PWMA02 | G62: LPUART8_TX | H62: XBAR1_INOUT08 | I62: FLEXSPIB_SS0_B | J62: GPIO3_IO16 | K62: CCM_CLKO1 | M62: ENET2_RDATA01
A63: =_xlfn.XLOOKUP(D63,'T4'!$B$2:$B$56,'T4'!$A$2:$A$56,"") -> 38 | B63: =_xlfn.XLOOKUP(D63,'T4.1 MUX'!$B$2:$B$56,'T4.1 MUX'!$A$2:$A$56,"") -> 46 | C63: =_xlfn.XLOOKUP(D63, Micromod!$D$2:$D$47,Micromod!$A$2:$A$47,"") -> 39 | D63: SD_B0_05 | E63: USDHC1_DATA3 | F63: FLEXPWM1_PWMB02 | G63: LPUART8_RX | H63: XBAR1_INOUT09 | I63: FLEXSPIB_DQS | J63: GPIO3_IO17 | K63: CCM_CLKO2 | M63: ENET2_RX_EN

Sheet T4
A1: Pin | B1: Name | C1: GPIO | D1: Serial | E1: I2C | F1: SPI | G1: PWM | H1: CAN | I1: Audio | J1: XBAR | K1: FlexIO | L1: Analog | M1: SD
A2: 0 | B2: AD_B0_03 | C2: 1.3 | D2: Serial1(6) RX | F2: SPI1(3) CS0 | G2: PWM1_X1 | H2: 2_RX | J2: IO-17
A3: 1 | B3: AD_B0_02 | C3: 1.2 | D3: Serial1(6) TX | F3: SPI1(3) MISO | G3: PWM1_X0 | H3: 2_TX | J3: IO-16
A4: 2 | B4: EMC_04 | C4: 4.4 | G4: PWM4_A2 | I4: 2:TX_DATA | J4: IO-06 | K4: 1:4
A5: 3 | B5: EMC_05 | C5: 4.5 | G5: PWM4_B2 | I5: 2:TX_SYNC | J5: IO-07 | K5: 1:5
A6: 4 | B6: EMC_06 | C6: 4.6 | G6: PWM2_A0 | I6: 2:TX_BCLK | J6: IO-08 | K6: 1:6
A7: 5 | B7: EMC_08 | C7: 4.8 | G7: PWM2_A1 | I7: 2:RX_DATA | J7: IO-17 | K7: 1:8
A8: 6 | B8: B0_10 | C8: 2.10 | G8: PWM2_A2, QT4_1 | I8: 1:TX3_RX1 | K8: 2:10
A9: 7 | B9: B1_01 | C9: 2.17 | D9: Serial2(4) RX | G9: PWM1_B3 | I9: 1:TX_DATA | J9: IO-15 | K9: 2:17, 3:17
A10: 8 | B10: B1_00 | C10: 2.16 | D10: Serial2(4) TX | G10: PWM1_A3 | I10: 1:RX_DATA | J10: IO-14 | K10: 2:16, 3:16
A11: 9 | B11: B0_11 | C11: 2.11 | G11: PWM2_B2, QT4_2 | I11: 1:TX2_RX2 | K11: 2:11
A12: 10 | B12: B0_00 | C12: 2.0 | F12: SPI(4) CS0 | G12: QT1_0 | I12: MQS_RIGHT | K12: 2:0
A13: 11 | B13: B0_02 | C13: 2.2 | F13: SPI(4) MOSI | G13: QT1_2 | H13: 1_TX | K13: 2:2
A14: 12 | B14: B0_01 | C14: 2.1 | F14: SPI(4) MISO | G14: QT1_1 | I14: MQS_LEFT | K14: 2:1
A15: 13 | B15: B0_03 | C15: 2.3 | F15: SPI(4) SCK | G15: QT2_0 | H15: 1_RX | K15: 2:3
A16: 14/A0 | B16: AD_B1_02 | C16: 1.18 | D16: Serial3(2) TX | G16: QT3_2 | I16: SPDIF_OUT | K16: 3:2 | L16: A1:7, A2:7
A17: 15/A1 | B17: AD_B1_03 | C17: 1.19 | D17: Serial3(2) RX | G17: QT3_3 | I17: SPDIF_IN | K17: 3:3 | L17: A1:8, A2:8
A18: 16/A2 | B18: AD_B1_07 | C18: 1.23 | D18: Serial4(3) RX | E18: Wire1(3) SCL | I18: SPDIF_EXTCLK | K18: 3:7 | L18: A1:12, A2:12
A19: 17/A3 | B19: AD_B1_06 | C19: 1.22 | D19: Serial4(3) TX | E19: Wire1(3) SDA | I19: SPDIF_LOCK | K19: 3:6 | L19: A1:11, A2:11
A20: 18/A4 | B20: AD_B1_01 | C20: 1.17 | D20: Serial3(2) RTS | E20: Wire(1) SDA | G20: QT3_1 | K20: 3:1 | L20: A1:6, A2:6
A21: 19/A5 | B21: AD_B1_00 | C21: 1.16 | D21: Serial3(2) CTS | E21: Wire(1) SCL | G21: QT3_0 | K21: 3:0 | L21: A1:5, A2:5
A22: 20/A6 | B22: AD_B1_10 | C22: 1.26 | D22: Serial5(8) TX | I22: 1:RX_SYNC | K22: 3:10 | L22: A1:15, A2:15
A23: 21/A7 | B23: AD_B1_11 | C23: 1.27 | D23: Serial5(8) RX | I23: 1:RX_BCLK | K23: 3:11 | L23: A1:0, A2:0
A24: 22/A8 | B24: AD_B1_08 | C24: 1.24 | G24: PWM4_A0 | H24: 1_TX | K24: 3:8 | L24: A1:13, A2:13
A25: 23/A9 | B25: AD_B1_09 | C25: 1.25 | G25: PWM4_A1 | H25: 1_RX | I25: 1:MCLK | K25: 3:9 | L25: A1:14, A2:14
A26: --- | B26: ---- | C26: ---- | D26: ------ | E26: --- | F26: --- | G26: --- | H26: --- | I26: ---- | J26: ---- | K26: ----- | L26: ------
A27: 24/A10 | B27: AD_B0_12 | C27: 1.12 | D27: Serial6(1) TX | E27: Wire2(4) SCL | G27: PWM1_X2 | L27: A1:1
A28: 25/A11 | B28: AD_B0_13 | C28: 1.13 | D28: Serial6(1) RX | E28: Wire2(4) SDA | G28: PWM1_X3 | H28: GPT1_CLK | L28: A1:2
A29: 26/A12 | B29: AD_B1_14 | C29: 1.30 | F29: SPI1(3) MOSI | I29: 1:TX_BCLK | K29: 3:14 | L29: A2:3
A30: 27/A13 | B30: AD_B1_15 | C30: 1.31 | F30: SPI1(3) SCK | I30: 1:TX_SYNC | K30: 3:15 | L30: A2:4
A31: 28 | B31: EMC_32 | C31: 3.18 | D31: Serial7(7) RX | G31: PWM3_B1
A32: 29 | B32: EMC_31 | C32: 4.31 | D32: Serial7(7) TX | F32: SPI2(1) CS1 | G32: PWM3_A1
A33: 30 | B33: EMC_37 | C33: 3.23 | G33: GPT1_3 | H33: 3_RX | I33: 3:MCLK | J33: IO-23
A34: 31 | B34: EMC_36 | C34: 3.22 | G34: GPT1_2 | H34: 3_TX | I34: 3:TX_DATA | J34: IO-22
A35: 32 | B35: B0_12 | C35: 2.12 | I35: 1:TX1_RX3 | J35: IO-10 | K35: 2:12
A36: 33 | B36: EMC_07 | C36: 4.7 | G36: PWM2_B0 | I36: 2:MCLK | J36: IO-09 | K36: 1:7
A38: 34 | B38: SD_B0_03 | C38: 3.15 | D38: Serial5(8) RTS | F38: SPI2(1) MISO | G38: PWM1_B1 | J38: IO-07 | M38: DATA1
A39: 35 | B39: SD_B0_02 | C39: 3.14 | D39: Serial5(8) CTS | F39: SPI2(1) MOSI | G39: PWM1_A1 | J39: IO-06 | M39: DATA0
A40: 36 | B40: SD_B0_01 | C40: 3.13 | E40: Wire1(3) SDA | F40: SPI2(1) CS0 | G40: PWM1_B0 | J40: IO-05 | M40: CLK
A41: 37 | B41: SD_B0_00 | C41: 3.12 | E41: Wire1(3) SCL | F41: SPI2(1) SCK | G41: PWM1_A0 | J41: IO-04 | M41: CMD
A42: 38 | B42: SD_B0_05 | C42: 3.17 | D42: Serial5(8) RX | F42: SPI2(1) B_DQS | G42: PWM1_B2 | J42: IO-09 | M42: DATA3
A43: 39 | B43: SD_B0_04 | C43: 3.16 | D43: Serial5(8) TX | F43: SPI2(1) B_SSO_B | G43: PWM1_A2 | J43: IO-08 | M43: DATA2

Sheet T4 - GPIO 
A1: Pin | B1: Name | C1: GPIO | D1: Serial | E1: I2C | F1: SPI | G1: PWM | H1: CAN | I1: Audio | J1: XBAR | K1: FlexIO | L1: Analog | M1: SD
A2: 1 | B2: AD_B0_02 | C2: 1.02 | D2: Serial1(6) TX | F2: SPI1(3) MISO | G2: PWM1_X0 | H2: 2_TX | J2: IO-16
A3: 0 | B3: AD_B0_03 | C3: 1.03 | D3: Serial1(6) RX | F3: SPI1(3) CS0 | G3: PWM1_X1 | H3: 2_RX | J3: IO-17
A4: 24/A10 | B4: AD_B0_12 | C4: 1.12 | D4: Serial6(1) TX | E4: Wire2(4) SCL | G4: PWM1_X2 | L4: A1:1
A5: 25/A11 | B5: AD_B0_13 | C5: 1.13 | D5: Serial6(1) RX | E5: Wire2(4) SDA | G5: PWM1_X3 | H5: GPT1_CLK | L5: A1:2
A6: 19/A5 | B6: AD_B1_00 | C6: 1.16 | D6: Serial3(2) CTS | E6: Wire(1) SCL | G6: QT3_0 | K6: 3:0 | L6: A1:5, A2:5
A7: 18/A4 | B7: AD_B1_01 | C7: 1.17 | D7: Serial3(2) RTS | E7: Wire(1) SDA | G7: QT3_1 | K7: 3:1 | L7: A1:6, A2:6
A8: 14/A0 | B8: AD_B1_02 | C8: 1.18 | D8: Serial3(2) TX | G8: QT3_2 | I8: SPDIF_OUT | K8: 3:2 | L8: A1:7, A2:7
A9: 15/A1 | B9: AD_B1_03 | C9: 1.19 | D9: Serial3(2) RX | G9: QT3_3 | I9: SPDIF_IN | K9: 3:3 | L9: A1:8, A2:8
A10: 17/A3 | B10: AD_B1_06 | C10: 1.22 | D10: Serial4(3) TX | E10: Wire1(3) SDA | I10: SPDIF_LOCK | K10: 3:6 | L10: A1:11, A2:11
A11: 16/A2 | B11: AD_B1_07 | C11: 1.23 | D11: Serial4(3) RX | E11: Wire1(3) SCL | I11: SPDIF_EXTCLK | K11: 3:7 | L11: A1:12, A2:12
A12: 22/A8 | B12: AD_B1_08 | C12: 1.24 | G12: PWM4_A0 | H12: 1_TX | K12: 3:8 | L12: A1:13, A2:13
A13: 23/A9 | B13: AD_B1_09 | C13: 1.25 | G13: PWM4_A1 | H13: 1_RX | I13: 1:MCLK | K13: 3:9 | L13: A1:14, A2:14
A14: 20/A6 | B14: AD_B1_10 | C14: 1.26 | D14: Serial5(8) TX | I14: 1:RX_SYNC | K14: 3:10 | L14: A1:15, A2:15
A15: 21/A7 | B15: AD_B1_11 | C15: 1.27 | D15: Serial5(8) RX | I15: 1:RX_BCLK | K15: 3:11 | L15: A1:0, A2:0
A16: 26/A12 | B16: AD_B1_14 | C16: 1.30 | F16: SPI1(3) MOSI | I16: 1:TX_BCLK | K16: 3:14 | L16: A2:3
A17: 27/A13 | B17: AD_B1_15 | C17: 1.31 | F17: SPI1(3) SCK | I17: 1:TX_SYNC | K17: 3:15 | L17: A2:4
A18: 10 | B18: B0_00 | C18: 2.00 | F18: SPI(4) CS0 | G18: QT1_0 | I18: MQS_RIGHT | K18: 2:0
A19: 12 | B19: B0_01 | C19: 2.01 | F19: SPI(4) MISO | G19: QT1_1 | I19: MQS_LEFT | K19: 2:1
A20: 11 | B20: B0_02 | C20: 2.02 | F20: SPI(4) MOSI | G20: QT1_2 | H20: 1_TX | K20: 2:2
A21: 13 | B21: B0_03 | C21: 2.03 | F21: SPI(4) SCK | G21: QT2_0 | H21: 1_RX | K21: 2:3
A22: 6 | B22: B0_10 | C22: 2.10 | G22: PWM2_A2, QT4_1 | I22: 1:TX3_RX1 | K22: 2:10
A23: 9 | B23: B0_11 | C23: 2.11 | G23: PWM2_B2, QT4_2 | I23: 1:TX2_RX2 | K23: 2:11
A24: 32 | B24: B0_12 | C24: 2.12 | I24: 1:TX1_RX3 | J24: IO-10 | K24: 2:12
A25: 8 | B25: B1_00 | C25: 2.16 | D25: Serial2(4) TX | G25: PWM1_A3 | I25: 1:RX_DATA | J25: IO-14 | K25: 2:16, 3:16
A26: 7 | B26: B1_01 | C26: 2.17 | D26: Serial2(4) RX | G26: PWM1_B3 | I26: 1:TX_DATA | J26: IO-15 | K26: 2:17, 3:17
A27: 37 | B27: SD_B0_00 | C27: 3.12 | E27: Wire1(3) SCL | F27: SPI2(1) SCK | G27: PWM1_A0 | J27: IO-04 | M27: CMD
A28: 36 | B28: SD_B0_01 | C28: 3.13 | E28: Wire1(3) SDA | F28: SPI2(1) CS0 | G28: PWM1_B0 | J28: IO-05 | M28: CLK
A29: 35 | B29: SD_B0_02 | C29: 3.14 | D29: Serial5(8) CTS | F29: SPI2(1) MOSI | G29: PWM1_A1 | J29: IO-06 | M29: DATA0
A30: 34 | B30: SD_B0_03 | C30: 3.15 | D30: Serial5(8) RTS | F30: SPI2(1) MISO | G30: PWM1_B1 | J30: IO-07 | M30: DATA1
A31: 39 | B31: SD_B0_04 | C31: 3.16 | D31: Serial5(8) TX | F31: SPI2(1) B_SSO_B | G31: PWM1_A2 | J31: IO-08 | M31: DATA2
A32: 38 | B32: SD_B0_05 | C32: 3.17 | D32: Serial5(8) RX | F32: SPI2(1) B_DQS | G32: PWM1_B2 | J32: IO-09 | M32: DATA3
A33: 28 | B33: EMC_32 | C33: 3.18 | D33: Serial7(7) RX | G33: PWM3_B1
A34: 31 | B34: EMC_36 | C34: 3.22 | G34: GPT1_2 | H34: 3_TX | I34: 3:TX_DATA | J34: IO-22
A35: 30 | B35: EMC_37 | C35: 3.23 | G35: GPT1_3 | H35: 3_RX | I35: 3:MCLK | J35: IO-23
A36: 2 | B36: EMC_04 | C36: 4.04 | G36: PWM4_A2 | I36: 2:TX_DATA | J36: IO-06 | K36: 1:4
A37: 3 | B37: EMC_05 | C37: 4.05 | G37: PWM4_B2 | I37: 2:TX_SYNC | J37: IO-07 | K37: 1:5
A38: 4 | B38: EMC_06 | C38: 4.06 | G38: PWM2_A0 | I38: 2:TX_BCLK | J38: IO-08 | K38: 1:6
A39: 33 | B39: EMC_07 | C39: 4.07 | G39: PWM2_B0 | I39: 2:MCLK | J39: IO-09 | K39: 1:7
A40: 5 | B40: EMC_08 | C40: 4.08 | G40: PWM2_A1 | I40: 2:RX_DATA | J40: IO-17 | K40: 1:8
A41: 29 | B41: EMC_31 | C41: 4.31 | D41: Serial7(7) TX | F41: SPI2(1) CS1 | G41: PWM3_A1

Sheet T4 card like
A1: Audio | B1: Prop | C1: Native | D1: GPIO | E1: Audio | F1: FlexIO | G1: Xbar | H1: I2C | I1: CAN | J1: SPI | K1: Serial | L1: Analog | M1: PWM | N1: Digital | Q1: Digital | R1: PWM | S1: Analog | T1: Serial | U1: SPI | V1: CAN | W1: I2C | X1: Xbar | Y1: FlexIO | Z1: Audio | AA1: GPIO | AB1: Native | AC1: Prop | AD1: Audio
A2: G | B2: GND | L2: GND | Q2: Vin | AC2: 5V
C3: AD_B0_03 | D3: 1.3 | G3: 17 | I3: RX2 | J3: CS1 | K3: RX1 | M3: 1X1 | N3: 0 | Q3: GND | AC3: G | AD3: G
C4: AD_B0_02 | D4: 1.2 | G4: 16 | I4: TX2 | J4: MISO1 | K4: TX1 | M4: 1X0 | N4: 1 | Q4: 3.3V 250mA max | AC4: 3V | AD4: 3.3
B5: S | C5: EMC_04 | D5: 4.4 | E5: O2 | F5: 1:4 | G5: 6 | M5: 4A2 | N5: 2 | Q5: 23 | R5: 4A1 | S5: A9 | V5: RX1 | Y5: 3:9 | Z5: MCL1 | AA5: 1.25 | AB5: AD-B1_09 | AD5: A
A6: M | C6: EMC_05 | D6: 4.5 | E6: LR2 | F6: 1:5 | G6: 7 | M6: 4B2 | N6: 3 | Q6: 22 | R6: 4A0 | S6: A8 | V6: TX1 | Y6: 0.13055556 | AA6: 1.24 | AB6: AD_B1_08
A7: A | C7: EMC_06 | D7: 4.6 | E7: BCL2 | F7: 1:6 | G7: 8 | M7: 2A0 | N7: 4 | Q7: 21 | S7: A7 | T7: RX5 | Y7: 0.13263889 | Z7: BCL1 | AA7: 1.27 | AB7: AD_B1_11 | AD7: A
A8: A | B8: A-EN | C8: EMC_08 | D8: 4.8 | E8: IN2 | F8: 1:8 | G8: 17 | M8: 2A1 | N8: 5 | Q8: 20 | S8: A6 | T8: TX5 | Y8: 0.13194444 | Z8: LRC1 | AA8: 1.26 | AB8: AD_B1_10 | AD8: A
B9: M-CS | C9: B0_10 | D9: 2.10 | E9: O1D | F9: 2:10 | M9: 2A2, Q41 | N9: 6 | Q9: 19 | R9: Q30 | S9: A5 | T9: CTS3 | W9: SCL0 | Y9: 0.125 | AA9: 1.16 | AB9: AD_B1_00 | AC9: S | AD9: C
B10: L-EN | C10: B1_01 | D10: 2.17 | E10: O1A | F10: 2:17, 3:17 | G10: 15 | K10: RX2 | M10: 1B3 | N10: 7 | Q10: 18 | R10: Q31 | S10: A4 | W10: SDA0 | Y10: 0.12569444 | AA10: 1.17 | AB10: AD_B1_01 | AC10: S | AD10: C
C11: B1_00 | D11: 2.16 | E11: IN1 | F11: 2:16, 3:16 | G11: 14 | K11: TX2 | M11: 1A3 | N11: 8 | Q11: 17 | S11: A3 | T11: TX4 | W11: SDA1 | Y11: 0.12916667 | AA11: 1.22 | AB11: AD_B1_06
C12: B0_11 | D12: 2.11 | E12: O1C | F12: 2:11 | M12: 2B2,Q42 | N12: 9 | Q12: 16 | S12: A2 | T12: RX4 | W12: SCL1 | Y12: 0.12986111 | AA12: 1.23 | AB12: AD_B1_07
A13: S | C13: B0_00 | D13: 2.0 | E13: MQR | F13: 2:0 | J13: CS0 | M13: Q10 | N13: 10 | Q13: 15 | R13: Q33 | S13: A1 | T13: RX3 | Y13: 0.12708333 | Z13: SPDI | AA13: 1.19 | AB13: AD_B1_03 | AD13: V
A14: SM | B14: M/L | C14: B0_02 | D14: 2.2 | F14: 2:2 | I14: TX1 | J14: MOSI0 | M14: Q12 | N14: 11 | Q14: 14 | R14: Q32 | S14: A0 | T14: TX3 | Y14: 0.12638889 | Z14: SPDO | AA14: 1.18 | AB14: AD_B1_02
A15: SM | B15: M | C15: B0_01 | D15: 2.1 | E15: MQL | F15: 2:1 | J15: MISO0 | M15: Q11 | N15: 12 | Q15: 13 | R15: Q20 | S15: LED | U15: SCK0 | V15: rx1 | Y15: 0.085416667 | AA15: 2.3 | AB15: B0_03 | AC15: M | AD15: SM
K17: Bottom SMT Pins
C18: AD_B0_12 | D18: 1.12 | H18: SCL2 | K18: TX6 | L18: A10-1 | M18: 1X2 | N18: 24 | Q18: 25 | R18: 1X3 | S18: A11-1 | T18: RX6 | W18: SDA2 | AA18: 1.13 | AB18: AD_B0_13
C19: AD_B1_14 | D19: 1.30 | F19: 3:14 | J19: MOSI1 | L19: A12-2 | N19: 26 | Q19: 27 | S19: A13-2 | U19: SCK1 | Y19: 3:15 | AA19: 1.31 | AB19: AD_B1_15
C20: EMC_32 | D20: 3.18 | K20: RX7 | M20: 3B1 | N20: 28 | Q20: 29 | R20: 3A1 | T20: TX7 | AA20: 4.31 | AB20: EMC_31
C21: EMC_37 | D21: 3.23 | G21: 23 | I21: RX3 | M21: G13 | N21: 30 | Q21: 31 | R21: G12 | V21: TX3 | X21: 22 | AA21: 3.22 | AB21: EMC_36
C22: B0_12 | D22: 2.12 | E22: O1B | F22: 0.091666667 | G22: 10 | N22: 32 | Q22: 33 | R22: 2B0 | V22: TX1 | X22: 9 | Y22: 1:7 | Z22: MCL2 | AA22: 4.7 | AB22: EMC_07
K25: Bottom SDIO Pins
C27: SD_B0_03 | D27: 3.15 | F27: DATA1 | G27: 7 | J27: MISO2 | M27: 1B1 | N27: 34 | O27: ______| | P27: |_____
C28: SD_B0_02 | D28: 3.14 | F28: DATA0 | G28: 6 | J28: MOSI2 | K28: CTS5 | M28: 1A1 | N28: 35 | O28: _______| | P28: |_______
L29: GND | O29: _________| | P29: |_______
C30: SD_B0_01 | D30: 3.13 | F30: CLK | G30: 5 | H30: SDA1 | J30: CS2 | M30: 1B0 | N30: 36 | O30: __________| | P30: |___________
L31: 3.3V 250mA max
C32: SD_B0_00 | D32: 3.12 | F32: CMD | G32: 4 | H32: SCL1 | J32: SCK2 | M32: 1A0 | N32: 37
C33: SD_B0_05 | D33: 3.17 | F33: DATA3 | G33: 9 | K33: RX5 | M33: 1B2 | N33: 38
C34: SD_B0_04 | D34: 3.16 | F34: DATA2 | G34: 8 | K34: TX5 | M34: 1A2 | N34: 39

Sheet T4.1
A1: Pin | B1: Name | C1: GPIO | D1: Serial | E1: I2C | F1: SPI | G1: PWM | H1: CAN | I1: Audio | J1: XBAR | K1: FlexIO | L1: Analog | M1: SD/CSI/LCD
A2: 0 | B2: AD_B0_03 | C2: 1.3 | D2: Serial1(6) RX | F2: SPI1(3) CS0 | G2: PWM1_X1 | H2: 2_RX | J2: IO-17
A3: 1 | B3: AD_B0_02 | C3: 1.2 | D3: Serial1(6) TX | F3: SPI1(3) MISO | G3: PWM1_X0 | H3: 2_TX | J3: IO-16
A4: 2 | B4: EMC_04 | C4: 4.4 | G4: PWM4_A2 | I4: 2:TX_DATA | J4: IO-06 | K4: 1:4
A5: 3 | B5: EMC_05 | C5: 4.5 | G5: PWM4_B2 | I5: 2:TX_SYNC | J5: IO-07 | K5: 1:5
A6: 4 | B6: EMC_06 | C6: 4.6 | G6: PWM2_A0 | I6: 2:TX_BCLK | J6: IO-08 | K6: 1:6
A7: 5 | B7: EMC_08 | C7: 4.8 | G7: PWM2_A1 | I7: 2:RX_DATA | J7: IO-17 | K7: 1:8
A8: 6 | B8: B0_10 | C8: 2.10 | G8: PWM2_A2, QT4_1 | I8: 1:TX3_RX1 | K8: 2:10
A9: 7 | B9: B1_01 | C9: 2.17 | D9: Serial2(4) RX | G9: PWM1_B3 | I9: 1:TX_DATA | J9: IO-15 | K9: 2:17, 3:17
A10: 8 | B10: B1_00 | C10: 2.16 | D10: Serial2(4) TX | G10: PWM1_A3 | I10: 1:RX_DATA | J10: IO-14 | K10: 2:16, 3:16
A11: 9 | B11: B0_11 | C11: 2.11 | G11: PWM2_B2,QT4_2 | I11: 1:TX2_RX2 | K11: 2:11
A12: 10 | B12: B0_00 | C12: 2.0 | F12: SPI(4) CS0 | G12: QT1_0 | I12: MQS_RIGHT | K12: 2:0
A13: 11 | B13: B0_02 | C13: 2.2 | F13: SPI(4) MOSI | G13: QT1_2 | H13: 1_TX | K13: 2:2
A14: 12 | B14: B0_01 | C14: 2.1 | F14: SPI(4) MISO | G14: QT1_1 | I14: MQS_LEFT | K14: 2:1
A15: 13 | B15: B0_03 | C15: 2.3 | F15: SPI(4) SCK | G15: QT2_0 | H15: 1_RX | K15: 2:3
A16: 14/A0 | B16: AD_B1_02 | C16: 1.18 | D16: Serial3(2) TX | G16: QT3_2 | I16: SPDIF_OUT | K16: 3:2 | L16: A1:7, A2:7
A17: 15/A1 | B17: AD_B1_03 | C17: 1.19 | D17: Serial3(2) RX | G17: QT3_3 | I17: SPDIF_IN | K17: 3:3 | L17: A1:8, A2:8
A18: 16/A2 | B18: AD_B1_07 | C18: 1.23 | D18: Serial4(3) RX | E18: Wire1(3) SCL | I18: SPDIF_EXTCLK | K18: 3:7 | L18: A1:12, A2:12 | M18: CSI_HSYNC
A19: 17/A3 | B19: AD_B1_06 | C19: 1.22 | D19: Serial4(3) TX | E19: Wire1(3) SDA | I19: SPDIF_LOCK | K19: 3:6 | L19: A1:11, A2:11 | M19: CSI_VSYNC
A20: 18/A4 | B20: AD_B1_01 | C20: 1.17 | D20: Serial3(2) RTS | E20: Wire(1) SDA | G20: QT3_1 | K20: 3:1 | L20: A1:6, A2:6
A21: 19/A5 | B21: AD_B1_00 | C21: 1.16 | D21: Serial3(2) CTS | E21: Wire(1) SCL | G21: QT3_0 | K21: 3:0 | L21: A1:5, A2:5
A22: 20/A6 | B22: AD_B1_10 | C22: 1.26 | D22: Serial5(8) TX | I22: 1:RX_SYNC | K22: 3:10 | L22: A1:15, A2:15 | M22: CSI_D7
A23: 21/A7 | B23: AD_B1_11 | C23: 1.27 | D23: Serial5(8) RX | I23: 1:RX_BCLK | K23: 3:11 | L23: A1:0, A2:0 | M23: CSI_D6
A24: 22/A8 | B24: AD_B1_08 | C24: 1.24 | G24: PWM4_A0 | H24: 1_TX | K24: 3:8 | L24: A1:13, A2:13 | M24: CSI_D9
A25: 23/A9 | B25: AD_B1_09 | C25: 1.25 | G25: PWM4_A1 | H25: 1_RX | I25: 1:MCLK | K25: 3:9 | L25: A1:14, A2:14 | M25: CSI_D8
A26: --- | B26: ---- | C26: ---- | D26: ------ | E26: --- | F26: --- | G26: --- | H26: --- | I26: ---- | J26: ---- | K26: ----- | L26: ------
A27: 24/A10 | B27: AD_B0_12 | C27: 1.12 | D27: Serial6(1) TX | E27: Wire2(4) SCL | G27: PWM1_X2 | L27: A1:1
A28: 25/A11 | B28: AD_B0_13 | C28: 1.13 | D28: Serial6(1) RX | E28: Wire2(4) SDA | G28: PWM1_X3 | H28: GPT1_CLK | L28: A1:2
A29: 26/A12 | B29: AD_B1_14 | C29: 1.30 | F29: SPI1(3) MOSI | I29: 1:TX_BCLK | K29: 3:14 | L29: A2:3 | M29: CSI_D3
A30: 27/A13 | B30: AD_B1_15 | C30: 1.31 | F30: SPI1(3) SCK | I30: 1:TX_SYNC | K30: 3:15 | L30: A2:4 | M30: CSI_D2
A31: 28 | B31: EMC_32 | C31: 3.18 | D31: Serial7(7) RX | G31: PWM3_B1
A32: 29 | B32: EMC_31 | C32: 4.31 | D32: Serial7(7) TX | F32: SPI2(1) CS1 | G32: PWM3_A1
A33: 30 | B33: EMC_37 | C33: 3.23 | G33: GPT1_3 | H33: 3_RX | I33: 3:MCLK | J33: IO-23
A34: 31 | B34: EMC_36 | C34: 3.22 | G34: GPT1_2 | H34: 3_TX | I34: 3:TX_DATA | J34: IO-22
A35: 32 | B35: B0_12 | C35: 2.12 | I35: 1:TX1_RX3 | J35: IO-10 | K35: 2:12
A36: 33 | B36: EMC_07 | C36: 4.7 | G36: PWM2_B0 | I36: 2:MCLK | J36: IO-09 | K36: 1:7
A37: 34 | B37: B1_13 | C37: 2.29 | D37: Serial8(5) RX | K37: 2:29,3:29
A38: 35 | B38: B1_12 | C38: 2.28 | D38: Serial8(5) TX | K38: 2:28,3:28
A39: 36 | B39: B1_02 | C39: 2.18 | F39: SPI(4) CS2 | G39: PWM2_A3 | I39: 1:TX_BCLK | J39: IO-16 | K39: 2:18,3:18
A40: 37 | B40: B1_03 | C40: 2.19 | F40: SPI(4) CS1 | G40: PWM2_B3 | I40: 1:TX_SYNC | J40: IO-17 | K40: 2:19,3:19
A41: 38/A14 | B41: AD_B1_12 | C41: 1.28 | F41: SPI1(3) CS0 | I41: 1:rx_data | K41: 3:12 | L41: A2:1 | M41: CSI_D5
A42: 39/A5 | B42: AD_B1_13 | C42: 1.29 | F42: SPI1(3) MISO | I42: 1:tx_data | K42: 3:13 | L42: A2:2 | M42: CSI_D4
A43: 40/A16 | B43: AD_B1_04 | C43: 1.20 | K43: 3:4 | L43: A1:9,A2:9 | M43: CSI_PIXCLK
A44: 41/A17 | B44: AD_B1_05 | C44: 1.21 | G44: GPT2_1 | K44: 3:5 | L44: A1:10,A2:10 | M44: CSI_MCLK
A45: SD Pins - Cable connector(T4 34-39)
A46: 42 | B46: SD_B0_03 | C46: 3.15 | D46: Serial5(8) RTS | F46: SPI2(1) MISO | G46: PWM1_B1 | J46: IO-07 | M46: DATA1
A47: 43 | B47: SD_B0_02 | C47: 3.14 | D47: Serial5(8) CTS | F47: SPI2(1) MOSI | G47: PWM1_A1 | J47: IO-06 | M47: DATA0
A48: 44 | B48: SD_B0_01 | C48: 3.13 | E48: Wire1(3) SDA | F48: SPI2(1) CS0 | G48: PWM1_B0 | J48: IO-05 | M48: CLK
A49: 45 | B49: SD_B0_00 | C49: 3.12 | E49: Wire1(3) SCL | F49: SPI2(1) SCK | G49: PWM1_A0 | J49: IO-04 | M49: CMD
A50: 46 | B50: SD_B0_05 | C50: 3.17 | D50: Serial5(8) RX | F50: FLEXSPI B_DQS | G50: PWM1_B2 | J50: IO-09 | M50: DATA3
A51: 47 | B51: SD_B0_04 | C51: 3.16 | D51: Serial5(8) TX | F51: FLEXSPI B_SSO_B | G51: PWM1_A2 | J51: IO-08 | M51: DATA2
A52: Bottom Memory Connectors
A53: 48 | B53: EMC_24 | C53: 4:24 | D53: Serial8(5) RX | F53: FLEXSPI2_A_SS0_B | G53: PWM1_B0
A54: 49 | B54: EMC_27 | C54: 4:27 | D54: Serial8(5) RTS | F54: FLEXSPI2_A_DATA01, SPI2(1) SCK | G54: PWM1_A2 | K54: 1:13
A55: 50 | B55: EMC_28 | C55: 4:28 | D55: Serial8(5) CTS | F55: FLEXSPI2_A_DATA02, SPI2(1) MOSI | G55: PWM1_B2 | K55: 1:14
A56: 51 | B56: EMC_22 | C56: 4:22 | E56: Wire1(3) SCL | F56: FLEXSPI2_A_SS1_B | G56: PWM3_B3, QT2_3
A57: 52 | B57: EMC_26 | C57: 4:26 | D57: Serial1(6) RX | F57: FLEXSPI2_A_DATA00 | G57: PWM1_B1 | K57: 1:12
A58: 53 | B58: EMC_25 | C58: 4:25 | D58: Serial1(6) TX | F58: FLEXSPI2_A_SCLK | G58: PWM1_A1
A59: 54 | B59: EMC_29 | C59: 4:29 | D59: Serial1(6) RTS | F59: FLEXSPI2_A_DATA03, SPI2(1) MISO | G59: PWM3_A0 | K59: 1:15

Sheet T4.1 MUX
A1: Pin | B1: Name | C1: ALT0 | D1: ALt1 | E1: ALT2 | F1: ALT3 | G1: ALT4 | H1: Alt5 | I1: ALT6 | J1: ALT7 | K1: ALT8 | L1: ALT9
A2: 0 | B2: AD_B0_03 | C2: FLEXCAN2_RX | D2: XBAR1_INOUT17 | E2: LPUART6_RX | F2: USB_OTG1_OC | G2: FLEXPWM1_PWMX01 | H2: GPIO1_IO03 | I2: REF_CLK_24M | J2: LPSPI3_PCS0
A3: 1 | B3: AD_B0_02 | C3: FLEXCAN2_TX | D3: XBAR1_INOUT16 | E3: LPUART6_TX | F3: USB_OTG1_PWR | G3: LEXPWM1_PWMX0 | H3: GPIO1_IO02 | I3: LPI2C1_HREQ | J3: LPSPI3_SDI
A4: 2 | B4: EMC_04 | C4: SEMC_DATA04 | D4: FLEXPWM4_PWMA02 | E4: SAI2_TX_DATA | F4: XBAR1_INOUT06 | G4: FLEXIO1_FLEXIO04 | H4: GPIO4_IO04
A5: 3 | B5: EMC_05 | C5: SEMC_DATA05 | D5: FLEXPWM4_PWMB02 | E5: SAI2_TX_SYNC | F5: XBAR1_INOUT07 | G5: FLEXIO1_FLEXIO05 | H5: GPIO4_IO05
A6: 4 | B6: EMC_06 | C6: SEMC_DATA06 | D6: FLEXPWM2_PWMA00 | E6: SAI2_TX_BCLK | F6: XBAR1_INOUT08 | G6: FLEXIO1_FLEXIO06 | H6: GPIO4_IO06
A7: 5 | B7: EMC_08 | C7: SEMC_DM00 | D7: FLEXPWM2_PWMA01 | E7: SAI2_RX_DATA | F7: XBAR1_INOUT17 | G7: FLEXIO1_FLEXIO08 | H7: GPIO4_IO08
A8: 6 | B8: B0_10 | C8: LCD_DATA06 | D8: QTIMER4_TIMER1 | E8: FLEXPWM2_PWMA02 | F8: SAI1_TX_DATA03 | G8: FLEXIO2_FLEXIO10 | H8: GPIO2_IO10 | I8: SRC_BOOT_CFG06 | K8: ENET2_CRS
A9: 7 | B9: B1_01 | C9: LCD_DATA13 | D9: XBAR1_INOUT15 | E9: LPUART4_RX | F9: SAI1_TX_DATA00 | G9: FLEXIO2_FLEXIO17 | H9: GPIO2_IO17 | I9: FLEXPWM1_PWMB03 | K9: ENET2_RDATA00 | L9: FLEXIO3_FLEXIO17
A10: 8 | B10: B1_00 | C10: LCD_DATA12 | D10: XBAR1_INOUT14 | E10: LPUART4_TX | F10: SAI1_RX_DATA00 | G10: FLEXIO2_FLEXIO16 | H10: GPIO2_IO16 | I10: FLEXPWM1_PWMA03 | K10: ENET2_RX_ER | L10: FLEXIO3_FLEXIO16
A11: 9 | B11: B0_11 | C11: LCD_DATA07 | D11: QTIMER4_TIMER2 | E11: FLEXPWM2_PWMB02 | F11: SAI1_TX_DATA02 | G11: FLEXIO2_FLEXIO11 | H11: GPIO2_IO11 | I11: SRC_BOOT_CFG07 | K11: ENET2_COL
A12: 10 | B12: B0_00 | C12: LCD_CLK | D12: QTIMER1_TIMER0 | E12: MQS_RIGHT | F12: LPSPI4_PCS0 | G12: FLEXIO2_FLEXIO00 | H12: GPIO2_IO00 | I12: SEMC_CSX01 | K12: ENET2_MDC
A13: 11 | B13: B0_02 | C13: LCD_HSYNC | D13: QTIMER1_TIMER2 | E13: FLEXCAN1_TX | F13: LPSPI4_SDO | G13: FLEXIO2_FLEXIO02 | H13: GPIO2_IO02 | I13: SEMC_CSX03 | K13: ENET2_1588_EVENT0_OUT
A14: 12 | B14: B0_01 | C14: LCD_ENABLE | D14: QTIMER1_TIMER1 | E14: MQS_LEFT | F14: LPSPI4_SDI | G14: FLEXIO2_FLEXIO01 | H14: GPIO2_IO01 | I14: SEMC_CSX02 | K14: ENET2_MDIO
A15: 13 | B15: B0_03 | C15: LCD_VSYNC | D15: QTIMER2_TIMER0 | E15: FLEXCAN1_RX | F15: LPSPI4_SCK | G15: FLEXIO2_FLEXIO03 | H15: GPIO2_IO03 | I15: WDOG2_RESET_B_DEB | K15: ENET2_1588_EVENT0_IN
A16: 14/A0 | B16: AD_B1_02 | C16: USB_OTG1_ID | D16: QTIMER3_TIMER2 | E16: LPUART2_TX | F16: SPDIF_OUT | G16: ENET_1588_EVENT2_OUT | H16: GPIO1_IO18 | I16: USDHC1_CD_B | J16: KPP_ROW06 | K16: GPT2_CLK | L16: FLEXIO3_FLEXIO02
A17: 15/A1 | B17: AD_B1_03 | C17: USB_OTG1_OC | D17: QTIMER3_TIMER3 | E17: LPUART2_RX | F17: SPDIF_IN | G17: ENET_1588_EVENT2_IN | H17: GPIO1_IO19 | I17: USDHC2_CD_B | J17: KPP_COL06 | K17: GPT2_CAPTURE1 | L17: FLEXIO3_FLEXIO03
A18: 16/A2 | B18: AD_B1_07 | C18: FLEXSPIB_DATA00 | D18: LPI2C3_SCL | E18: LPUART3_RX | F18: SPDIF_EXT_CLK | G18: CSI_HSYNC | H18: GPIO1_IO23 | I18: USDHC2_DATA3 | J18: KPP_COL04 | K18: GPT2_COMPARE3 | L18: FLEXIO3_FLEXIO07
A19: 17/A3 | B19: AD_B1_06 | C19: FLEXSPIB_DATA01 | D19: LPI2C3_SDA | E19: LPUART3_TX | F19: SPDIF_LOCK | G19: CSI_VSYNC | H19: GPIO1_IO22 | I19: USDHC2_DATA2 | J19: KPP_ROW04 | K19: GPT2_COMPARE2 | L19: FLEXIO3_FLEXIO06
A20: 18/A4 | B20: AD_B1_01 | C20: USB_OTG1_PWR | D20: QTIMER3_TIMER1 | E20: LPUART2_RTS_B | F20: LPI2C1_SDA | G20: CCM_PMIC_READY | H20: GPIO1_IO17 | I20: USDHC1_VSELECT | J20: KPP_COL07 | K20: ENET2_1588_EVENT0_IN | L20: FLEXIO3_FLEXIO01
A21: 19/A5 | B21: AD_B1_00 | C21: USB_OTG2_ID | D21: QTIMER3_TIMER0 | E21: LPUART2_CTS_B | F21: LPI2C1_SCL | G21: WDOG1_B | H21: GPIO1_IO16 | I21: USDHC1_W | J21: KPP_ROW07 | K21: ENET2_1588_EVENT0_OUT | L21: FLEXIO3_FLEXIO00
A22: 20/A6 | B22: AD_B1_10 | C22: FLEXSPIA_DATA03 | D22: WDOG1_B | E22: LPUART8_TX | F22: SAI1_RX_SYNC | G22: CSI_DATA07 | H22: GPIO1_IO26 | I22: USDHC2_WP | J22: KPP_ROW02 | K22: ENET2_1588_EVENT1_OUT | L22: FLEXIO3_FLEXIO10
A23: 21/A7 | B23: AD_B1_11 | C23: FLEXSPIA_DATA02 | D23: EWM_OUT_B | E23: LPUART8_RX | F23: SAI1_RX_BCL | G23: CSI_DATA06 | H23: GPIO1_IO27 | I23: USDHC2_RESET_B | J23: KPP_COL02 | K23: ENET2_1588_EVENT1_IN | L23: FLEXIO3_FLEXIO11
A24: 22/A8 | B24: AD_B1_08 | C24: FLEXSPIA_SS1_B | D24: FLEXPWM4_PWMA00 | E24: FLEXCAN1_TX | F24: CCM_PMIC_READY | G24: CSI_DATA09 | H24: GPIO1_IO24 | I24: USDHC2_CMD | J24: KPP_ROW03 | L24: FLEXIO3_FLEXIO08
A25: 23/A9 | B25: AD_B1_09 | C25: FLEXSPIA_DQS | D25: FLEXPWM4_PWMA01 | E25: FLEXCAN1_RX | F25: SAI1_MCLK | G25: CSI_DATA08 | H25: GPIO1_IO25 | I25: USDHC2_CLK | J25: KPP_COL03 | L25: FLEXIO3_FLEXIO09
A26: 24/A10 | B26: AD_B0_12 | C26: LPI2C4_SCL | D26: CCM_PMIC_READY | E26: LPUART1_TX | F26: WDOG2_WDOG_B | G26: FLEXPWM1_PWMX02 | H26: GPIO1_IO12 | I26: ENET_1588_EVENT1_OUT | J26: NMI_GLUE_NMI
A27: 25/A11 | B27: AD_B0_13 | C27: LPI2C4_SDA | D27: GPT1_CLK | E27: LPUART1_RX | F27: EWM_OUT_B | G27: FLEXPWM1_PWMX03 | H27: GPIO1_IO13 | I27: ENET_1588_EVENT1_IN | J27: REF_CLK_24M
A28: 26/A12 | B28: AD_B1_14 | C28: FLEXSPIA_SCLK | D28: ACMP_OUT02 | E28: LPSPI3_SDO | F28: SAI1_TX_BCLK | G28: CSI_DATA03 | H28: GPIO1_IO30 | I28: USDHC2_DATA6 | J28: KPP_ROW00 | K28: ENET2_1588_EVENT3_OUT | L28: FLEXIO3_FLEXIO14
A29: 27/A13 | B29: AD_B1_15 | C29: FLEXSPIA_SS0_B | D29: ACMP_OUT03 | E29: LPSPI3_SCK | F29: SAI1_TX_SYNC | G29: CSI_DATA02 | H29: GPIO1_IO31 | I29: USDHC2_DATA7 | J29: KPP_COL00 | K29: ENET2_1588_EVENT3_IN | L29: FLEXIO3_FLEXIO15
A30: 28 | B30: EMC_32 | C30: SEMC_DATA10 | D30: FLEXPWM3_PWMB01 | E30: LPUART7_RX | F30: CCM_PMIC_RDY | G30: CSI_DATA21 | H30: GPIO3_IO18 | K30: ENET2_TX_EN
A31: 29 | B31: EMC_31 | C31: SEMC_DATA09 | D31: FLEXPWM3_PWMA01 | E31: LPUART7_TX | F31: LPSPI1_PCS1 | G31: CSI_DATA22 | H31: GPIO4_IO31 | K31: ENET2_TDATA01
A32: 30 | B32: EMC_37 | C32: SEMC_DATA15 | D32: XBAR1_IN23 | E32: GPT1_COMPARE3 | F32: SAI3_MCLK | G32: CSI_DATA16 | H32: GPIO3_IO23 | I32: USDHC2_WP | K32: ENET2_RX_EN | L32: FLEXCAN3_RX
A33: 31 | B33: EMC_36 | C33: SEMC_DATA14 | D33: XBAR1_IN22 | E33: GPT1_COMPARE2 | F33: SAI3_TX_DATA | G33: CSI_DATA17 | H33: GPIO3_IO22 | I33: USDHC1_WP | K33: ENET2_RDATA01 | L33: FLEXCAN3_TX
A34: 32 | B34: B0_12 | C34: LCD_DATA08 | D34: XBAR1_INOUT10 | E34: ARM_TRACE_CLK | F34: SAI1_TX_DATA01 | G34: FLEXIO2_FLEXIO12 | H34: GPIO2_IO12 | I34: SRC_BOOT_CFG08 | K34: ENET2_TDATA00
A35: 33 | B35: EMC_07 | C35: SEMC_DATA07 | D35: FLEXPWM2_PWMB00 | E35: SAI2_MCLK | F35: XBAR1_INOUT09 | G35: FLEXIO1_FLEXIO07 | H35: GPIO4_IO07
A36: 34 | B36: B1_13 | C36: WDOG1_B | D36: LPUART5_RX | E36: CSI_VSYNC | F36: ENET_1588_EVENT0_OUT | G36: FLEXIO2_FLEXIO29 | H36: GPIO2_IO29 | I36: USDHC1_WP | K36: SEMC_DQS4 | L36: FLEXIO3_FLEXIO29
A37: 35 | B37: B1_12 | D37: LPUART5_TX | E37: CSI_PIXCLK | F37: ENET_1588_EVENT0_IN | G37: FLEXIO2_FLEXIO28 | H37: GPIO2_IO28 | I37: USDHC1_CD_B | L37: FLEXIO3_FLEXIO28
A38: 36 | B38: B1_02 | C38: LCD_DATA14 | D38: XBAR1_INOUT16 | E38: LPSPI4_PCS2 | F38: SAI1_TX_BCLK | G38: FLEXIO2_FLEXIO18 | H38: GPIO2_IO18 | I38: FLEXPWM2_PWMA03 | K38: ENET2_RDATA01 | L38: FLEXIO3_FLEXIO18
A39: 37 | B39: B1_03 | C39: LCD_DATA15 | D39: XBAR1_INOUT17 | E39: LPSPI4_PCS1 | F39: SAI1_TX_SYNC | G39: FLEXIO2_FLEXIO19 | H39: GPIO2_IO19 | I39: FLEXPWM2_PWMB03 | K39: ENET2_RX_EN | L39: FLEXIO3_FLEXIO19
A40: 38/A14 | B40: AD_B1_12 | C40: FLEXSPIA_DATA01 | D40: ACMP_OUT00 | E40: LPSPI3_PCS0 | F40: SAI1_RX_DATA00 | G40: CSI_DATA05 | H40: GPIO1_IO28 | I40: USDHC2_DATA4 | J40: KPP_ROW01 | K40: ENET2_1588_EVENT2_OUT | L40: FLEXIO3_FLEXIO12
A41: 39/A5 | B41: AD_B1_13 | C41: FLEXSPIA_DATA00 | D41: ACMP_OUT01 | E41: LPSPI3_SDI | F41: SAI1_TX_DATA00 | G41: CSI_DATA04 | H41: GPIO1_IO29 | I41: USDHC2_DATA5 | J41: KPP_COL01 | K41: ENET2_1588_EVENT2_IN | L41: FLEXIO3_FLEXIO13
A42: 40/A16 | B42: AD_B1_04 | C42: FLEXSPIB_DATA03 | D42: ENET_MDC | E42: LPUART3_CTS_B | F42: SPDIF_SR_CLK | G42: CSI_PIXCLK | H42: GPIO1_IO20 | I42: USDHC2_DATA0 | J42: KPP_ROW05 | K42: GPT2_CAPTURE2 | L42: FLEXIO3_FLEXIO04
A43: 41/A17 | B43: AD_B1_05 | C43: FLEXSPIB_DATA02 | D43: ENET_MDIO | E43: LPUART3_RTS_B | F43: SPDIF_OUT | G43: CSI_MCLK | H43: GPIO1_IO21 | I43: USDHC2_DATA1 | J43: KPP_COL05 | K43: GPT2_COMPARE1 | L43: FLEXIO3_FLEXIO05
A44: 42 | B44: SD_B0_03 | C44: USDHC1_DATA1 | D44: FLEXPWM1_PWMB01 | E44: LPUART8_RTS_B | F44: XBAR1_INOUT07 | G44: LPSPI1_SDI | H44: GPIO3_IO15 | K44: ENET2_RDATA00 | L44: SEMC_CLK6
A45: 43 | B45: SD_B0_02 | C45: USDHC1_DATA0 | D45: FLEXPWM1_PWMA01 | E45: LPUART8_CTS_B | F45: XBAR1_INOUT06 | G45: LPSPI1_SDO | H45: GPIO3_IO14 | K45: ENET2_RX_ER | L45: SEMC_CLK5
A46: 44 | B46: SD_B0_01 | C46: USDHC1_CLK | D46: FLEXPWM1_PWMB00 | E46: LPI2C3_SDA | F46: XBAR1_INOUT05 | G46: LPSPI1_PCS0 | H46: GPIO3_IO13 | I46: FLEXSPIB_SS1_B | K46: ENET2_TX_CLK | L46: ENET2_REF_CLK2
A47: 45 | B47: SD_B0_00 | C47: USDHC1_CMD | D47: FLEXPWM1_PWMA00 | E47: LPI2C3_SCL | F47: XBAR1_INOUT04 | G47: LPSPI1_SCK | H47: GPIO3_IO12 | I47: FLEXSPIA_SS1_B | K47: ENET2_TX_EN | L47: SEMC_DQS4
A48: 46 | B48: SD_B0_05 | C48: USDHC1_DATA3 | D48: FLEXPWM1_PWMB02 | E48: LPUART8_RX | F48: XBAR1_INOUT09 | G48: FLEXSPIB_DQS | H48: GPIO3_IO17 | I48: CCM_CLKO2 | K48: ENET2_RX_EN
A49: 47 | B49: SD_B0_04 | C49: USDHC1_DATA2 | D49: FLEXPWM1_PWMA02 | E49: LPUART8_TX | F49: XBAR1_INOUT08 | G49: FLEXSPIB_SS0_B | H49: GPIO3_IO16 | I49: CCM_CLKO1 | K49: ENET2_RDATA01
A50: 48 | B50: EMC_24 | C50: SEMC_CAS | D50: FLEXPWM1_PWMB00 | E50: LPUART5_RX | F50: ENET_TX_EN | G50: GPT1_CAPTURE1 | H50: GPIO4_IO24 | K50: FLEXSPI2_A_SS0_B
A51: 49 | B51: EMC_27 | C51: SEMC_CKE | D51: FLEXPWM1_PWMA02 | E51: LPUART5_RTS_B | F51: LPSPI1_SCK | G51: FLEXIO1_FLEXIO13 | H51: GPIO4_IO27 | K51: FLEXSPI2_A_DATA01
A52: 50 | B52: EMC_28 | C52: SEMC_WE | D52: FLEXPWM1_PWMB02 | E52: LPUART5_CTS_B | F52: LPSPI1_SDO | G52: FLEXIO1_FLEXIO14 | H52: GPIO4_IO28 | K52: FLEXSPI2_A_DATA02
A53: 51 | B53: EMC_22 | C53: SEMC_BA1 | D53: FLEXPWM3_PWMB03 | E53: LPI2C3_SCL | F53: ENET_TDATA00 | G53: QTIMER2_TIMER3 | H53: GPIO4_IO22 | K53: FLEXSPI2_A_SS1_B of
A54: 52 | B54: EMC_26 | C54: SEMC_CLK | D54: FLEXPWM1_PWMB01 | E54: LPUART6_RX | F54: ENET_RX_ER | G54: FLEXIO1_FLEXIO12 | H54: GPIO4_IO26 | K54: FLEXSPI2_A_DATA00
A55: 53 | B55: EMC_25 | C55: SEMC_RAS | D55: FLEXPWM1_PWMA01 | E55: LPUART6_TX | F55: ENET_TX_CLK | G55: ENET_REF_CLK | H55: GPIO4_IO25 | K55: FLEXSPI2_A_SCLK
A56: 54 | B56: EMC_29 | C56: SEMC_CS0 | D56: FLEXPWM3_PWMA00 | E56: LPUART6_RTS_B | F56: LPSPI1_SDI | G56: FLEXIO1_FLEXIO15 | H56: GPIO4_IO29 | K56: FLEXSPI2_A_DATA03
A59: IOMUXC_xxx_SELECT_INPUT
A60: Column1 | B60: Column2 | C60: Column3 | D60: Column4 | E60: Column5 | F60: Column6 | G60: Column7 | H60: Column8 | I60: Column9 | J60: Column10 | K60: Column11 | L60: Column12
A61: 0 | B61: AD_B0_03 | C61: FLEXCAN2_RX | D61: IOMUXC_XBAR1_IN17_SELECT_INPUT=0x1 | E61: IOMUXC_LPUART6_RX_SELECT_INPUT=1 | F61: USB_OTG1_OC | G61: FLEXPWM1_PWMX01 | H61: GPIO1_IO03 | I61: REF_CLK_24M | J61: LPSPI3_PCS0
A62: 1 | B62: AD_B0_02 | C62: FLEXCAN2_TX | D62: XBAR1_INOUT16 | E62: IOMUXC_LPUART6_TX_SELECT_INPUT=1 | F62: USB_OTG1_PWR | G62: LEXPWM1_PWMX0 | H62: GPIO1_IO02 | I62: LPI2C1_HREQ | J62: LPSPI3_SDI
A63: 2 | B63: EMC_04 | C63: SEMC_DATA04 | D63: FLEXPWM4_PWMA02 | E63: SAI2_TX_DATA | F63: IOMUXC_XBAR1_IN06_SELECT_INPUT=0x0 | G63: FLEXIO1_FLEXIO04 | H63: GPIO4_IO04
A64: 3 | B64: EMC_05 | C64: SEMC_DATA05 | D64: FLEXPWM4_PWMB0 | E64: SAI2_TX_SYNC | F64: IOMUXC_XBAR1_IN07_SELECT_INPUT=0x0 | G64: FLEXIO1_FLEXIO05 | H64: GPIO4_IO05
A65: 4 | B65: EMC_06 | C65: SEMC_DATA06 | D65: FLEXPWM2_PWMA00 | E65: SAI2_TX_BCLK | F65: IOMUXC_XBAR1_IN08_SELECT_INPUT=0x0 | G65: FLEXIO1_FLEXIO06 | H65: GPIO4_IO06
A66: 5 | B66: EMC_08 | C66: SEMC_DM00 | D66: FLEXPWM2_PWMA01 | E66: SAI2_RX_DATA | F66: IOMUXC_XBAR1_IN17_SELECT_INPUT=0x0 | G66: FLEXIO1_FLEXIO08 | H66: GPIO4_IO08
A67: 6 | B67: B0_10 | C67: LCD_DATA06 | D67: QTIMER4_TIMER1 | E67: FLEXPWM2_PWMA02 | F67: SAI1_TX_DATA03 | G67: FLEXIO2_FLEXIO10 | H67: GPIO2_IO10 | I67: SRC_BOOT_CFG06 | K67: ENET2_CRS
A68: 7 | B68: B1_01 | C68: LCD_DATA13 | D68: XBAR1_INOUT15 | E68: IOMUXC_LPUART4_RX_SELECT_INPUT=2 | F68: SAI1_TX_DATA00 | G68: FLEXIO2_FLEXIO17 | H68: GPIO2_IO17 | I68: FLEXPWM1_PWMB03 | K68: ENET2_RDATA00 | L68: FLEXIO3_FLEXIO17
A69: 8 | B69: B1_00 | C69: LCD_DATA12 | D69: XBAR1_INOUT14 | E69: IOMUXC_LPUART4_TX_SELECT_INPUT=2 | F69: SAI1_RX_DATA00 | G69: FLEXIO2_FLEXIO16 | H69: GPIO2_IO16 | I69: FLEXPWM1_PWMA03 | K69: ENET2_RX_ER | L69: FLEXIO3_FLEXIO16
A70: 9 | B70: B0_11 | C70: LCD_DATA07 | D70: QTIMER4_TIMER2 | E70: FLEXPWM2_PWMB02 | F70: SAI1_TX_DATA02 | G70: FLEXIO2_FLEXIO11 | H70: GPIO2_IO11 | I70: SRC_BOOT_CFG07 | K70: ENET2_COL
A71: 10 | B71: B0_00 | C71: LCD_CLK | D71: QTIMER1_TIMER0 | E71: MQS_RIGHT | F71: LPSPI4_PCS0 | G71: FLEXIO2_FLEXIO00 | H71: GPIO2_IO00 | I71: SEMC_CSX01 | K71: ENET2_MDC
A72: 11 | B72: B0_02 | C72: LCD_HSYNC | D72: QTIMER1_TIMER2 | E72: FLEXCAN1_TX | F72: LPSPI4_SDO | G72: FLEXIO2_FLEXIO02 | H72: GPIO2_IO02 | I72: SEMC_CSX03 | K72: ENET2_1588_EVENT0_OUT
A73: 12 | B73: B0_01 | C73: LCD_ENABLE | D73: QTIMER1_TIMER1 | E73: MQS_LEFT | F73: LPSPI4_SDI | G73: FLEXIO2_FLEXIO01 | H73: GPIO2_IO01 | I73: SEMC_CSX02 | K73: ENET2_MDIO
A74: 13 | B74: B0_03 | C74: LCD_VSYNC | D74: QTIMER2_TIMER0 | E74: FLEXCAN1_RX | F74: LPSPI4_SCK | G74: FLEXIO2_FLEXIO03 | H74: GPIO2_IO03 | I74: WDOG2_RESET_B_DEB | K74: ENET2_1588_EVENT0_IN
A75: 14/A0 | B75: AD_B1_02 | C75: USB_OTG1_ID | D75: QTIMER3_TIMER2 | E75: IOMUXC_LPUART2_TX_SELECT_INPUT=1 | F75: SPDIF_OUT | G75: ENET_1588_EVENT2_OUT | H75: GPIO1_IO18 | I75: USDHC1_CD_B | J75: KPP_ROW06 | K75: GPT2_CLK | L75: FLEXIO3_FLEXIO02
A76: 15/A1 | B76: AD_B1_03 | C76: USB_OTG1_OC | D76: QTIMER3_TIMER3 | E76: IOMUXC_LPUART2_RX_SELECT_INPUT=1 | F76: SPDIF_IN | G76: ENET_1588_EVENT2_IN | H76: GPIO1_IO19 | I76: USDHC2_CD_B | J76: KPP_COL06 | K76: GPT2_CAPTURE1 | L76: FLEXIO3_FLEXIO03
A77: 16/A2 | B77: AD_B1_07 | C77: FLEXSPIB_DATA00 | D77: LPI2C3_SCL | E77: IOMUXC_LPUART3_RX_SELECT_INPUT=0 | F77: SPDIF_EXT_CLK | G77: CSI_HSYNC | H77: GPIO1_IO23 | I77: USDHC2_DATA3 | J77: KPP_COL04 | K77: GPT2_COMPARE3 | L77: FLEXIO3_FLEXIO07
A78: 17/A3 | B78: AD_B1_06 | C78: FLEXSPIB_DATA01 | D78: LPI2C3_SDA | E78: IOMUXC_LPUART3_TX_SELECT_INPUT=0 | F78: SPDIF_LOCK | G78: CSI_VSYNC | H78: GPIO1_IO22 | I78: USDHC2_DATA2 | J78: KPP_ROW04 | K78: GPT2_COMPARE2 | L78: FLEXIO3_FLEXIO06
A79: 18/A4 | B79: AD_B1_01 | C79: USB_OTG1_PWR | D79: QTIMER3_TIMER1 | E79: LPUART2_RTS_B | F79: LPI2C1_SDA | G79: CCM_PMIC_READY | H79: GPIO1_IO17 | I79: USDHC1_VSELECT | J79: KPP_COL07 | K79: ENET2_1588_EVENT0_IN | L79: FLEXIO3_FLEXIO01
A80: 19/A5 | B80: AD_B1_00 | C80: USB_OTG2_ID | D80: QTIMER3_TIMER0 | E80: LPUART2_CTS_B | F80: LPI2C1_SCL | G80: WDOG1_B | H80: GPIO1_IO16 | I80: USDHC1_W | J80: KPP_ROW07 | K80: ENET2_1588_EVENT0_OUT | L80: FLEXIO3_FLEXIO00
A81: 20/A6 | B81: AD_B1_10 | C81: FLEXSPIA_DATA03 | D81: WDOG1_B | E81: IOMUXC_LPUART8_TX_SELECT_INPUT=1 | F81: SAI1_RX_SYNC | G81: CSI_DATA07 | H81: GPIO1_IO26 | I81: USDHC2_WP | J81: KPP_ROW02 | K81: ENET2_1588_EVENT1_OUT | L81: FLEXIO3_FLEXIO10
A82: 21/A7 | B82: AD_B1_11 | C82: FLEXSPIA_DATA02 | D82: EWM_OUT_B | E82: IOMUXC_LPUART8_RX_SELECT_INPUT=1 | F82: SAI1_RX_BCL | G82: CSI_DATA06 | H82: GPIO1_IO27 | I82: USDHC2_RESET_B | J82: KPP_COL02 | K82: ENET2_1588_EVENT1_IN | L82: FLEXIO3_FLEXIO11
A83: 22/A8 | B83: AD_B1_08 | C83: FLEXSPIA_SS1_B | D83: FLEXPWM4_PWMA00 | E83: FLEXCAN1_TX | F83: CCM_PMIC_READY | G83: CSI_DATA09 | H83: GPIO1_IO24 | I83: USDHC2_CMD | J83: KPP_ROW03 | L83: FLEXIO3_FLEXIO08
A84: 23/A9 | B84: AD_B1_09 | C84: FLEXSPIA_DQS | D84: FLEXPWM4_PWMA01 | E84: FLEXCAN1_RX | F84: SAI1_MCLK | G84: CSI_DATA08 | H84: GPIO1_IO25 | I84: USDHC2_CLK | J84: KPP_COL03 | L84: FLEXIO3_FLEXIO09
A85: 24/A10 | B85: AD_B0_12 | C85: LPI2C4_SCL | D85: CCM_PMIC_READY | E85: LPUART1_TX | F85: WDOG2_WDOG_B | G85: FLEXPWM1_PWMX02 | H85: GPIO1_IO12 | I85: ENET_1588_EVENT1_OUT | J85: NMI_GLUE_NMI
A86: 25/A11 | B86: AD_B0_13 | C86: LPI2C4_SDA | D86: GPT1_CLK | E86: LPUART1_RX | F86: EWM_OUT_B | G86: FLEXPWM1_PWMX03 | H86: GPIO1_IO13 | I86: ENET_1588_EVENT1_IN | J86: REF_CLK_24M
A87: 26/A12 | B87: AD_B1_14 | C87: FLEXSPIA_SCLK | D87: ACMP_OUT02 | E87: LPSPI3_SDO | F87: SAI1_TX_BCLK | G87: CSI_DATA03 | H87: GPIO1_IO30 | I87: USDHC2_DATA6 | J87: KPP_ROW00 | K87: ENET2_1588_EVENT3_OUT | L87: FLEXIO3_FLEXIO14
A88: 27/A13 | B88: AD_B1_15 | C88: FLEXSPIA_SS0_B | D88: ACMP_OUT03 | E88: LPSPI3_SCK | F88: SAI1_TX_SYNC | G88: CSI_DATA02 | H88: GPIO1_IO31 | I88: USDHC2_DATA7 | J88: KPP_COL00 | K88: ENET2_1588_EVENT3_IN | L88: FLEXIO3_FLEXIO15
A89: 28 | B89: EMC_32 | C89: SEMC_DATA10 | D89: FLEXPWM3_PWMB01 | E89: IOMUXC_LPUART7_RX_SELECT_INPUT=1 | F89: CCM_PMIC_RDY | G89: CSI_DATA21 | H89: GPIO3_IO18 | K89: ENET2_TX_EN
A90: 29 | B90: EMC_31 | C90: SEMC_DATA09 | D90: FLEXPWM3_PWMA01 | E90: OMUXC_LPUART7_TX_SELECT_INPUT=1 | F90: LPSPI1_PCS1 | G90: CSI_DATA22 | H90: GPIO4_IO31 | K90: ENET2_TDATA01
A91: 30 | B91: EMC_37 | C91: SEMC_DATA15 | D91: IOMUXC_XBAR1_IN23_SELECT_INPUT=0x0 | E91: GPT1_COMPARE3 | F91: SAI3_MCLK | G91: CSI_DATA16 | H91: GPIO3_IO23 | I91: USDHC2_WP | K91: ENET2_RX_EN | L91: FLEXCAN3_RX
A92: 31 | B92: EMC_36 | C92: SEMC_DATA14 | D92: IOMUXC_XBAR1_IN22_SELECT_INPUT=0x0 | E92: GPT1_COMPARE2 | F92: SAI3_TX_DATA | G92: CSI_DATA17 | H92: GPIO3_IO22 | I92: USDHC1_WP | K92: ENET2_RDATA01 | L92: FLEXCAN3_TX
A93: 32 | B93: B0_12 | C93: LCD_DATA08 | D93: XBAR1_INOUT10 | E93: ARM_TRACE_CLK | F93: SAI1_TX_DATA01 | G93: FLEXIO2_FLEXIO12 | H93: GPIO2_IO12 | I93: SRC_BOOT_CFG08 | K93: ENET2_TDATA00
A94: 33 | B94: EMC_07 | C94: SEMC_DATA07 | D94: FLEXPWM2_PWMB00 | E94: SAI2_MCLK | F94: IOMUXC_XBAR1_IN09_SELECT_INPUT=0x0 | G94: FLEXIO1_FLEXIO07 | H94: GPIO4_IO07
A95: 34 | B95: B1_13 | C95: WDOG1_B | D95: IOMUXC_LPUART5_RX_SELECT_INPUT=1 | E95: CSI_VSYNC | F95: ENET_1588_EVENT0_OUT | G95: FLEXIO2_FLEXIO29 | H95: GPIO2_IO29 | I95: USDHC1_WP | K95: SEMC_DQS4 | L95: FLEXIO3_FLEXIO29
A96: 35 | B96: B1_12 | D96: IOMUXC_LPUART5_TX_SELECT_INPUT=1 | E96: CSI_PIXCLK | F96: ENET_1588_EVENT0_IN | G96: FLEXIO2_FLEXIO28 | H96: GPIO2_IO28 | I96: USDHC1_CD_B | L96: FLEXIO3_FLEXIO28
A97: 36 | B97: B1_02 | C97: LCD_DATA14 | D97: XBAR1_INOUT16 | E97: LPSPI4_PCS2 | F97: SAI1_TX_BCLK | G97: FLEXIO2_FLEXIO18 | H97: GPIO2_IO18 | I97: FLEXPWM2_PWMA03 | K97: ENET2_RDATA01 | L97: FLEXIO3_FLEXIO18
A98: 37 | B98: B1_03 | C98: LCD_DATA15 | D98: IOMUXC_XBAR1_IN17_SELECT_INPUT=0x3 | E98: LPSPI4_PCS1 | F98: SAI1_TX_SYNC | G98: FLEXIO2_FLEXIO19 | H98: GPIO2_IO19 | I98: FLEXPWM2_PWMB03 | K98: ENET2_RX_EN | L98: FLEXIO3_FLEXIO19
A99: 38/A14 | B99: AD_B1_12 | C99: FLEXSPIA_DATA01 | D99: ACMP_OUT00 | E99: LPSPI3_PCS0 | F99: SAI1_RX_DATA00 | G99: CSI_DATA05 | H99: GPIO1_IO28 | I99: USDHC2_DATA4 | J99: KPP_ROW01 | K99: ENET2_1588_EVENT2_OUT | L99: FLEXIO3_FLEXIO12
A100: 39/A5 | B100: AD_B1_13 | C100: FLEXSPIA_DATA00 | D100: ACMP_OUT01 | E100: LPSPI3_SDI | F100: SAI1_TX_DATA00 | G100: CSI_DATA04 | H100: GPIO1_IO29 | I100: USDHC2_DATA5 | J100: KPP_COL01 | K100: ENET2_1588_EVENT2_IN | L100: FLEXIO3_FLEXIO13
A101: 40/A16 | B101: AD_B1_04 | C101: FLEXSPIB_DATA03 | D101: ENET_MDC | E101: LPUART3_CTS_B | F101: SPDIF_SR_CLK | G101: CSI_PIXCLK | H101: GPIO1_IO20 | I101: USDHC2_DATA0 | J101: KPP_ROW05 | K101: GPT2_CAPTURE2 | L101: FLEXIO3_FLEXIO04
A102: 41/A17 | B102: AD_B1_05 | C102: FLEXSPIB_DATA02 | D102: ENET_MDIO | E102: LPUART3_RTS_B | F102: SPDIF_OUT | G102: CSI_MCLK | H102: GPIO1_IO21 | I102: USDHC2_DATA1 | J102: KPP_COL05 | K102: GPT2_COMPARE1 | L102: FLEXIO3_FLEXIO05
...

Sheet T4.1 - GPIO
A1: Pin | B1: Name | C1: GPIO | D1: Serial | E1: I2C | F1: SPI | G1: PWM | H1: CAN | I1: Audio | J1: XBAR | K1: FlexIO | L1: Analog | M1: SD/CSI/LCD
A2: 1 | B2: AD_B0_02 | C2: 1.02 | D2: Serial1(6) TX | F2: SPI1(3) MISO | G2: PWM1_X0 | H2: 2_TX | J2: IO-16
A3: 0 | B3: AD_B0_03 | C3: 1.03 | D3: Serial1(6) RX | F3: SPI1(3) CS0 | G3: PWM1_X1 | H3: 2_RX | J3: IO-17
A4: 24/A10 | B4: AD_B0_12 | C4: 1.12 | D4: Serial6(1) TX | E4: Wire2(4) SCL | G4: PWM1_X2 | L4: A1:1
A5: 25/A11 | B5: AD_B0_13 | C5: 1.13 | D5: Serial6(1) RX | E5: Wire2(4) SDA | G5: PWM1_X3 | H5: GPT1_CLK | L5: A1:2
A6: 19/A5 | B6: AD_B1_00 | C6: 1.16 | D6: Serial3(2) CTS | E6: Wire(1) SCL | G6: QT3_0 | K6: 3:0 | L6: A1:5, A2:5
A7: 18/A4 | B7: AD_B1_01 | C7: 1.17 | D7: Serial3(2) RTS | E7: Wire(1) SDA | G7: QT3_1 | K7: 3:1 | L7: A1:6, A2:6
A8: 14/A0 | B8: AD_B1_02 | C8: 1.18 | D8: Serial3(2) TX | G8: QT3_2 | I8: SPDIF_OUT | K8: 3:2 | L8: A1:7, A2:7
A9: 15/A1 | B9: AD_B1_03 | C9: 1.19 | D9: Serial3(2) RX | G9: QT3_3 | I9: SPDIF_IN | K9: 3:3 | L9: A1:8, A2:8
A10: 40/A16 | B10: AD_B1_04 | C10: 1.20 | K10: 3:4 | L10: A1:9,A2:9 | M10: USDHC2_DATA0
A11: 41/A17 | B11: AD_B1_05 | C11: 1.21 | G11: GPT2_1 | K11: 3:5 | L11: A1:10,A2:10 | M11: USDHC2_DATA1
A12: 17/A3 | B12: AD_B1_06 | C12: 1.22 | D12: Serial4(3) TX | E12: Wire1(3) SDA | I12: SPDIF_LOCK | K12: 3:6 | L12: A1:11, A2:11 | M12: USDHC2_DATA2
A13: 16/A2 | B13: AD_B1_07 | C13: 1.23 | D13: Serial4(3) RX | E13: Wire1(3) SCL | I13: SPDIF_EXTCLK | K13: 3:7 | L13: A1:12, A2:12 | M13: USDHC2_DATA3
A14: 22/A8 | B14: AD_B1_08 | C14: 1.24 | G14: PWM4_A0 | H14: 1_TX | K14: 3:8 | L14: A1:13, A2:13 | M14: USDHC2_CMD
A15: 23/A9 | B15: AD_B1_09 | C15: 1.25 | G15: PWM4_A1 | H15: 1_RX | I15: 1:MCLK | K15: 3:9 | L15: A1:14, A2:14 | M15: USDHC2_CLK
A16: 20/A6 | B16: AD_B1_10 | C16: 1.26 | D16: Serial5(8) TX | I16: 1:RX_SYNC | K16: 3:10 | L16: A1:15, A2:15
A17: 21/A7 | B17: AD_B1_11 | C17: 1.27 | D17: Serial5(8) RX | I17: 1:RX_BCLK | K17: 3:11 | L17: A1:0, A2:0
A18: 38/A14 | B18: AD_B1_12 | C18: 1.28 | F18: SPI1(3) CS0 | I18: 1:rx_data | K18: 3:12 | L18: A2:1
A19: 39/A5 | B19: AD_B1_13 | C19: 1.29 | F19: SPI1(3) MISO | I19: 1:tx_data | K19: 3:13 | L19: A2:2
A20: 26/A12 | B20: AD_B1_14 | C20: 1.30 | F20: SPI1(3) MOSI | I20: 1:TX_BCLK | K20: 3:14 | L20: A2:3
A21: 27/A13 | B21: AD_B1_15 | C21: 1.31 | F21: SPI1(3) SCK | I21: 1:TX_SYNC | K21: 3:15 | L21: A2:4
A22: 10 | B22: B0_00 | C22: 2.00 | F22: SPI(4) CS0 | G22: QT1_0 | I22: MQS_RIGHT | K22: 2:0
A23: 12 | B23: B0_01 | C23: 2.01 | F23: SPI(4) MISO | G23: QT1_1 | I23: MQS_LEFT | K23: 2:1
A24: 11 | B24: B0_02 | C24: 2.02 | F24: SPI(4) MOSI | G24: QT1_2 | H24: 1_TX | K24: 2:2
A25: 13 | B25: B0_03 | C25: 2.03 | F25: SPI(4) SCK | G25: QT2_0 | H25: 1_RX | K25: 2:3
A26: 6 | B26: B0_10 | C26: 2.10 | G26: PWM2_A2, QT4_1 | I26: 1:TX3_RX1 | K26: 2:10
A27: 9 | B27: B0_11 | C27: 2.11 | G27: PWM2_B2,QT4_2 | I27: 1:TX2_RX2 | K27: 2:11
A28: 32 | B28: B0_12 | C28: 2.12 | I28: 1:TX1_RX3 | J28: IO-10 | K28: 2:12
A29: 8 | B29: B1_00 | C29: 2.16 | D29: Serial2(4) TX | G29: PWM1_A3 | I29: 1:RX_DATA | J29: IO-14 | K29: 2:16, 3:16
A30: 7 | B30: B1_01 | C30: 2.17 | D30: Serial2(4) RX | G30: PWM1_B3 | I30: 1:TX_DATA | J30: IO-15 | K30: 2:17, 3:17
A31: 36 | B31: B1_02 | C31: 2.18 | F31: SPI(4) CS2 | G31: PWM2_A3 | I31: 1:TX_BCLK | J31: IO-16 | K31: 2:18,3:18
A32: 37 | B32: B1_03 | C32: 2.19 | F32: SPI(4) CS1 | G32: PWM2_B3 | I32: 1:TX_SYNC | J32: IO-17 | K32: 2:19,3:19
A33: 35 | B33: B1_12 | C33: 2.28 | D33: Serial8(5) TX | K33: 2:28,3:28
A34: 34 | B34: B1_13 | C34: 2.29 | D34: Serial8(5) RX | K34: 2:29,3:29
A35: 45 | B35: SD_B0_00 | C35: 3.12 | E35: Wire1(3) SCL | F35: SPI2(1) SCK | G35: PWM1_A0 | J35: IO-04 | M35: CMD
A36: 44 | B36: SD_B0_01 | C36: 3.13 | E36: Wire1(3) SDA | F36: SPI2(1) CS0 | G36: PWM1_B0 | J36: IO-05 | M36: CLK
A37: 43 | B37: SD_B0_02 | C37: 3.14 | D37: Serial5(8) CTS | F37: SPI2(1) MOSI | G37: PWM1_A1 | J37: IO-06 | M37: DATA0
A38: 42 | B38: SD_B0_03 | C38: 3.15 | D38: Serial5(8) RTS | F38: SPI2(1) MISO | G38: PWM1_B1 | J38: IO-07 | M38: DATA1
A39: 47 | B39: SD_B0_04 | C39: 3.16 | D39: Serial5(8) TX | F39: FLEXSPI B_SSO_B | G39: PWM1_A2 | J39: IO-08 | M39: DATA2
A40: 46 | B40: SD_B0_05 | C40: 3.17 | D40: Serial5(8) RX | F40: FLEXSPI B_DQS | G40: PWM1_B2 | J40: IO-09 | M40: DATA3
A41: 28 | B41: EMC_32 | C41: 3.18 | D41: Serial7(7) RX | G41: PWM3_B1
A42: 31 | B42: EMC_36 | C42: 3.22 | G42: GPT1_2 | H42: 3_TX | I42: 3:TX_DATA | J42: IO-22
A43: 30 | B43: EMC_37 | C43: 3.23 | G43: GPT1_3 | H43: 3_RX | I43: 3:MCLK | J43: IO-23
A44: 2 | B44: EMC_04 | C44: 4.04 | G44: PWM4_A2 | I44: 2:TX_DATA | J44: IO-06 | K44: 1:4
A45: 3 | B45: EMC_05 | C45: 4.05 | G45: PWM4_B2 | I45: 2:TX_SYNC | J45: IO-07 | K45: 1:5
A46: 4 | B46: EMC_06 | C46: 4.06 | G46: PWM2_A0 | I46: 2:TX_BCLK | J46: IO-08 | K46: 1:6
A47: 33 | B47: EMC_07 | C47: 4.07 | G47: PWM2_B0 | I47: 2:MCLK | J47: IO-09 | K47: 1:7
A48: 5 | B48: EMC_08 | C48: 4.08 | G48: PWM2_A1 | I48: 2:RX_DATA | J48: IO-17 | K48: 1:8
A49: 51 | B49: EMC_22 | C49: 4.22 | E49: Wire1(3) SCL | F49: FLEXSPI2_A_SS1_B | G49: PWM3_B3, QT2_3
A50: 48 | B50: EMC_24 | C50: 4.24 | D50: Serial8(5) RX | F50: FLEXSPI2_A_SS0_B | G50: PWM1_B0
A51: 53 | B51: EMC_25 | C51: 4.25 | D51: Serial1(6) TX | F51: FLEXSPI2_A_SCLK | G51: PWM1_A1
A52: 52 | B52: EMC_26 | C52: 4.26 | D52: Serial1(6) RX | F52: FLEXSPI2_A_DATA00 | G52: PWM1_B1 | K52: 1:12
A53: 49 | B53: EMC_27 | C53: 4.27 | D53: Serial8(5) RTS | F53: FLEXSPI2_A_DATA01, SPI2(1) SCK | G53: PWM1_A2 | K53: 1:13
A54: 50 | B54: EMC_28 | C54: 4.28 | D54: Serial8(5) CTS | F54: FLEXSPI2_A_DATA02, SPI2(1) MOSI | G54: PWM1_B2 | K54: 1:14
A55: 54 | B55: EMC_29 | C55: 4.29 | D55: Serial1(6) RTS | F55: FLEXSPI2_A_DATA03, SPI2(1) MISO | G55: PWM3_A0 | K55: 1:15
A56: 29 | B56: EMC_31 | C56: 4.31 | D56: Serial7(7) TX | F56: SPI2(1) CS1 | G56: PWM3_A1
A57: --- | B57: ---- | C57: ---- | D57: ------ | E57: --- | F57: --- | G57: --- | H57: --- | I57: ---- | J57: ---- | K57: ----- | L57: ------

Sheet T4.1 card like
A1: Audio | B1: Prop | C1: Native | D1: GPIO | E1: Audio | F1: FlexIO | G1: Xbar | H1: I2C | I1: CAN | J1: SPI | K1: Serial | L1: Analog | M1: PWM | N1: Digital | Q1: Digital | R1: PWM | S1: Analog | T1: Serial | U1: SPI | V1: CAN | W1: I2C | X1: Xbar | Y1: FlexIO | Z1: Audio | AA1: GPIO | AB1: Native | AC1: Prop | AD1: Audio
A2: G | B2: GND | L2: GND | Q2: Vin | AC2: 5V
C3: AD_B0_03 | D3: 1.3 | G3: 17 | I3: RX2 | J3: CS1 | K3: RX1 | M3: 1X1 | N3: 0 | Q3: GND | AC3: G | AD3: G
C4: AD_B0_02 | D4: 1.2 | G4: 16 | I4: TX2 | J4: MISO1 | K4: TX1 | M4: 1X0 | N4: 1 | Q4: 3.3V 250mA max | AC4: 3V | AD4: 3.3
B5: S | C5: EMC_04 | D5: 4.4 | E5: O2 | F5: 1:4 | G5: 6 | M5: 4A2 | N5: 2 | Q5: 23 | R5: 4A1 | S5: A9 | V5: RX1 | Y5: 3:9 | Z5: MCL1 | AA5: 1.25 | AB5: AD_B1_09 | AC5: CSI_D8 | AD5: A
A6: M | C6: EMC_05 | D6: 4.5 | E6: LR2 | F6: 1:5 | G6: 7 | M6: 4B2 | N6: 3 | Q6: 22 | R6: 4A0 | S6: A8 | V6: TX1 | Y6: 0.13055556 | AA6: 1.24 | AB6: AD_B1_08 | AC6: CSI_D9
A7: A | C7: EMC_06 | D7: 4.6 | E7: BCL2 | F7: 1:6 | G7: 8 | M7: 2A0 | N7: 4 | Q7: 21 | S7: A7 | T7: RX5 | Y7: 0.13263889 | Z7: BCL1 | AA7: 1.27 | AB7: AD_B1_11 | AC7: CSI_D6 | AD7: A
A8: A | B8: A-EN | C8: EMC_08 | D8: 4.8 | E8: IN2 | F8: 1:8 | G8: 17 | M8: 2A1 | N8: 5 | Q8: 20 | S8: A6 | T8: TX5 | Y8: 0.13194444 | Z8: LRC1 | AA8: 1.26 | AB8: AD_B1_10 | AC8: CSI_D7 | AD8: A
B9: M-CS | C9: B0_10 | D9: 2.10 | E9: O1D | F9: 2:10 | M9: 2A2, Q41 | N9: 6 | Q9: 19 | R9: Q30 | S9: A5 | T9: CTS3 | W9: SCL0 | Y9: 0.125 | AA9: 1.16 | AB9: AD_B1_00 | AC9: S | AD9: C
B10: L-EN | C10: B1_01 | D10: 2.17 | E10: O1A | F10: 2:17, 3:17 | G10: 15 | K10: RX2 | M10: 1B3 | N10: 7 | Q10: 18 | R10: Q31 | S10: A4 | W10: SDA0 | Y10: 0.12569444 | AA10: 1.17 | AB10: AD_B1_01 | AC10: S | AD10: C
C11: B1_00 | D11: 2.16 | E11: IN1 | F11: 2:16, 3:16 | G11: 14 | K11: TX2 | M11: 1A3 | N11: 8 | Q11: 17 | S11: A3 | T11: TX4 | W11: SDA1 | Y11: 0.12916667 | AA11: 1.22 | AB11: AD_B1_06 | AC11: CSI_VSYNC
C12: B0_11 | D12: 2.11 | E12: O1C | F12: 2:11 | M12: 2B2,Q42 | N12: 9 | Q12: 16 | S12: A2 | T12: RX4 | W12: SCL1 | Y12: 0.12986111 | AA12: 1.23 | AB12: AD_B1_07 | AC12: CSI_HSYNC
A13: S | C13: B0_00 | D13: 2.0 | E13: MQR | F13: 2:0 | J13: CS0 | M13: Q10 | N13: 10 | Q13: 15 | R13: Q33 | S13: A1 | T13: RX3 | Y13: 0.12708333 | Z13: SPDI | AA13: 1.19 | AB13: AD_B1_03 | AD13: V
A14: SM | B14: M/L | C14: B0_02 | D14: 2.2 | F14: 2:2 | I14: TX1 | J14: MOSI0 | M14: Q12 | N14: 11 | Q14: 14 | R14: Q32 | S14: A0 | T14: TX3 | Y14: 0.12638889 | Z14: SPDO | AA14: 1.18 | AB14: AD_B1_02
A15: SM | B15: M | C15: B0_01 | D15: 2.1 | E15: MQL | F15: 2:1 | J15: MISO0 | M15: Q11 | N15: 12 | Q15: 13 | R15: Q20 | S15: LED | U15: SCK0 | V15: rx1 | Y15: 0.085416667 | AA15: 2.3 | AB15: B0_03 | AC15: M | AD15: SM
L16: 3.3V | Q16: GND
C17: AD_B0_12 | D17: 1.12 | H17: SCL2 | K17: TX6 | L17: A10-1 | M17: 1X2 | N17: 24 | Q17: 41 | R17: GPT2-1 | S17: A17 | Y17: 3:5 | AA17: 1.21 | AB17: AD_B1_05 | AC17: CSI_MCLK
C18: AD_B0_13 | D18: 1.13 | H18: SDA2 | K18: RX6 | L18: A11-1 | M18: 1X3 | N18: 25 | Q18: 40 | R18: GPT2-2 | S18: A16 | Y18: 3:4 | AA18: 1.20 | AB18: AD_B1_04 | AC18: CSI_PIXCLK
B19: CSI_D3 | C19: AD_B1_14 | D19: 1.30 | F19: 3:14 | J19: MOSI1 | L19: A12-2 | N19: 26 | Q19: 39 | S19: A15-2 | U19: MISO1 | Y19: 3:13 | AA19: 1.29 | AB19: AD_B1_13 | AC19: CSI_D4
B20: CSI_D2 | C20: AD_B1_15 | D20: 1.31 | F20: 3:15 | J20: SCK1 | L20: A13-2 | N20: 27 | Q20: 38 | S20: A14-2 | U20: CS1-0 | Y20: 3:12 | AA20: 1.28 | AB20: AD_B1_12 | AC20: CSI_D5
C21: EMC_32 | D21: 3.18 | K21: RX7 | M21: 3B1 | N21: 28 | Q21: 37 | R21: 2B3 | U21: CS0-1 | X21: 17 | Y21: 2:19,3:19 | AA21: 2.19 | AB21: B1_03
C22: EMC_31 | D22: 4.31 | K22: TX7 | M22: 3A1 | N22: 29 | Q22: 36 | R22: 2A3 | U22: CS0-2 | X22: 16 | Y22: 2:18,3:18 | AA22: 2.18 | AB22: B1_02
C23: EMC_37 | D23: 3.23 | G23: 23 | I23: RX3 | M23: G13 | N23: 30 | Q23: 35 | T23: TX8 | Y23: 2:28,3:28 | AA23: 2.28 | AB23: B1_12 | AC23: CSI_PIXCLK
C24: EMC_36 | D24: 3.22 | G24: 22 | I24: TX3 | M24: G12 | N24: 31 | Q24: 34 | T24: RX8 | Y24: 2:29,3:29 | AA24: 2.29 | AB24: B1_13 | AC24: CSI_VSYNC
C25: B0_12 | D25: 2.12 | E25: O1B | F25: 0.091666667 | G25: 10 | N25: 32 | Q25: 33 | R25: 2B0 | X25: 9 | Y25: 1:7 | Z25: MCL2 | AA25: 4.7 | AB25: EMC_07
O27: SDIO Pins
C28: SD_B0_03 | D28: 3.15 | F28: DATA1 | G28: 7 | J28: MISO2 | M28: 1B1 | N28: 42 | O28: ______| | P28: |_____ | Q28: 47 | R28: 1A2 | T28: TX5 | X28: 8 | Y28: DATA2 | AA28: 3.16 | AB28: SD_B0_04
C29: SD_B0_02 | D29: 3.14 | F29: DATA0 | G29: 6 | J29: MOSI2 | K29: CTS5 | M29: 1A1 | N29: 43 | O29: _______| | P29: |_______ | Q29: 46 | R29: 1B2 | T29: RX5 | X29: 9 | Y29: DATA3 | AA29: 3.17 | AB29: SD_B0_05
L30: GND | O30: _________| | P30: |_______ | Q30: 45 | R30: 1A0 | U30: SCK2 | W30: SCL1 | X30: 4 | Y30: CMD | AA30: 3.12 | AB30: SD_B0_00
C31: SD_B0_01 | D31: 3.13 | F31: CLK | G31: 5 | H31: SDA1 | J31: CS2 | M31: 1B0 | N31: 44 | O31: __________| | P31: |___________ | Q31: 3.3V
O33: Back Memory Chips
B34: F2A_D0 | C34: EMC_26 | D34: 4.26 | F34: 0.05 | K34: RX1 | M34: 1B1 | N34: 52 | Q34: GND
B35: F2A_SCLK | C35: EMC_25 | D35: 4.25 | K35: TX1 | M35: 1A1 | N35: 53 | Q35: 50 | R35: 1B2 | T35: CTS8 | U35: MOSI2 | Y35: 0.051388889 | AA35: 4.28 | AB35: EMC_28 | AC35: F2A_D2
B36: F2A_D3 | C36: EMC_29 | D36: 4.29 | F36: 0.052083333 | J36: MISO2 | M36: 3A0 | N36: 54 | Q36: 49 | R36: 1A2 | U36: SCK2 | Y36: 0.050694444 | AA36: 4.27 | AB36: EMC_27 | AC36: F2A_D1
L37: 3.3V | P37: (pin 1) | Q37: 51 | R37: 3B3,Q23 | W37: SCL1 | AA37: 4.22 | AB37: EMC_22 | AC37: F2A_SS1_B
B39: F2A_D0 | C39: EMC_26 | D39: 4.26 | F39: 0.05 | K39: RX1 | M39: 1B1 | N39: 52 | Q39: GND
B40: F2A_SCLK | C40: EMC_25 | D40: 4.25 | K40: TX1 | M40: 1A1 | N40: 53 | Q40: 50 | R40: 1B2 | T40: CTS8 | U40: MOSI2 | Y40: 0.051388889 | AA40: 4.28 | AB40: EMC_28 | AC40: F2A_D2
B41: F2A_D3 | C41: EMC_29 | D41: 4.29 | F41: 0.052083333 | J41: MISO2 | M41: 3A0 | N41: 54 | Q41: 49 | R41: 1A2 | U41: SCK2 | Y41: 0.050694444 | AA41: 4.27 | AB41: EMC_27 | AC41: F2A_D1
L42: 3.3V | P42: (pin 1) | Q42: 48 | R42: 1B0 | T42: RX8 | AA42: 4.24 | AB42: EMC_24 | AC42: F2A_SSO_B

Sheet Micromod
A1: Pin | B1: MM Pin | C1: MM Func | D1: Name | E1: GPIO | F1: Serial | G1: I2C | H1: SPI | I1: PWM | J1: CAN | K1: Audio | L1: XBAR | M1: FlexIO | N1: Analog | O1: SD/CSI/LCD
A2: 00 | B2: 19 | C2: * | D2: AD_B0_03 | E2: 1.3 | F2: Serial1(6) RX | H2: SPI1(3) CS0 | I2: PWM1_X1 | J2: 2_RX | L2: IO-17
A3: 01 | B3: 17 | C3: * | D3: AD_B0_02 | E3: 1.2 | F3: Serial1(6) TX | H3: SPI1(3) MISO | I3: PWM1_X0 | J3: 2_TX | L3: IO-16
A4: 02 | B4: 47 | C4: * | D4: EMC_04 | E4: 4.4 | I4: PWM4_A2 | K4: 2:TX_DATA | L4: IO-06 | M4: 1:4
A5: 03 | B5: 32 | C5: * | D5: EMC_05 | E5: 4.5 | I5: PWM4_B2 | K5: 2:TX_SYNC | L5: IO-07 | M5: 1:5
A6: 04 | B6: 10 | C6: * | D6: EMC_06 | E6: 4.6 | I6: PWM2_A0 | K6: 2:TX_BCLK | L6: IO-08 | M6: 1:6
A7: 05 | B7: 18 | C7: * | D7: EMC_08 | E7: 4.8 | I7: PWM2_A1 | K7: 2:RX_DATA | L7: IO-17 | M7: 1:8
A8: 06 | B8: 71 | C8: * | D8: B0_10 | E8: 2.10 | I8: PWM2_A2, QT4_1 | K8: 1:TX3_RX1 | M8: 2:10 | O8: LCD_DATA6
A9: 07 | B9: 56 | D9: B1_01 | E9: 2.17 | F9: Serial4(4) RX | I9: PWM1_B3 | K9: 1:TX_DATA | L9: IO-15 | M9: 2:17, 3:17
A10: 08 | B10: 54 | D10: B1_00 | E10: 2.16 | F10: Serial4(4) TX | I10: PWM1_A3 | K10: 1:RX_DATA | L10: IO-14 | M10: 2:16, 3:16
A11: 09 | B11: 69 | C11: * | D11: B0_11 | E11: 2.11 | I11: PWM2_B2,QT4_2 | K11: 1:TX2_RX2 | M11: 2:11 | O11: LCD_DATA7
A12: 10 | B12: 55 | C12: FNCS0 | D12: B0_00 | E12: 2.0 | H12: SPI(4) CS0 | I12: QT1_0 | K12: MQS_RIGHT | M12: 2:0 | O12: LCD_CLK
A13: 11 | B13: 59 | C13: * | D13: B0_02 | E13: 2.2 | H13: SPI(4) MOSI | I13: QT1_2 | J13: 1_TX | M13: 2:2 | O13: LCD_HSYNC
A14: 12 | B14: 61 | C14: * | D14: B0_01 | E14: 2.1 | H14: SPI(4) MISO | I14: QT1_1 | K14: MQS_LEFT | M14: 2:1 | O14: LCD_ENABLE
A15: 13 | B15: 57 | C15: * | D15: B0_03 | E15: 2.3 | H15: SPI(4) SCK | I15: QT2_0 | J15: 1_RX | M15: 2:3 | O15: LCD_VSYNC
A16: 14/A0 | B16: 34 | C16: * | D16: AD_B1_02 | E16: 1.18 | F16: Serial3(2) TX | I16: QT3_2 | K16: SPDIF_OUT | M16: 3:2 | N16: A1:7, A2:7
A17: 15/A1 | B17: 38 | C17: * | D17: AD_B1_03 | E17: 1.19 | F17: Serial3(2) RX | I17: QT3_3 | K17: SPDIF_IN | M17: 3:3 | N17: A1:8, A2:8
A18: 16/A2 | B18: 20 | C18: * | D18: AD_B1_07 | E18: 1.23 | F18: Serial2(3) RX | G18: Wire2(3) SCL | K18: SPDIF_EXTCLK | M18: 3:7 | N18: A1:12, A2:12 | O18: USDHC2_DATA3
A19: 17/A3 | B19: 22 | C19: * | D19: AD_B1_06 | E19: 1.22 | F19: Serial2(3) TX | G19: Wire2(3) SDA | K19: SPDIF_LOCK | M19: 3:6 | N19: A1:11, A2:11 | O19: USDHC2_DATA2
A20: 18/A4 | B20: 12 | C20: * | D20: AD_B1_01 | E20: 1.17 | F20: Serial3(2) RTS | G20: Wire(1) SDA | I20: QT3_1 | M20: 3:1 | N20: A1:6, A2:6
A21: 19/A5 | B21: 14 | C21: * | D21: AD_B1_00 | E21: 1.16 | F21: Serial3(2) CTS | G21: Wire(1) SCL | I21: QT3_0 | M21: 3:0 | N21: A1:5, A2:5
A22: 20/A6 | B22: 52 | D22: AD_B1_10 | E22: 1.26 | F22: Serial5(8) TX | K22: 1:RX_SYNC | M22: 3:10 | N22: A1:15, A2:15
A23: 21/A7 | B23: 50 | D23: AD_B1_11 | E23: 1.27 | F23: Serial5(8) RX | K23: 1:RX_BCLK | M23: 3:11 | N23: A1:0, A2:0
A24: 22/A8 | B24: 49 | C24: * | D24: AD_B1_08 | E24: 1.24 | I24: PWM4_A0 | J24: 1_TX | M24: 3:8 | N24: A1:13, A2:13 | O24: USDHC2_CMD
A25: 23/A9 | B25: 58 | D25: AD_B1_09 | E25: 1.25 | I25: PWM4_A1 | J25: 1_RX | K25: 1:MCLK | M25: 3:9 | N25: A1:14, A2:14 | O25: USDHC2_CLK
A26: 24/A10 | B26: 53 | D26: AD_B0_12 | E26: 1.12 | F26: Serial6(1) TX | G26: Wire1(4) SCL | I26: PWM1_X2 | N26: A1:1
A27: 25/A11 | B27: 51 | D27: AD_B0_13 | E27: 1.13 | F27: Serial6(1) RX | G27: Wire1(4) SDA | I27: PWM1_X3 | J27: GPT1_CLK | N27: A1:2
A28: 26/A12 | B28: 67 | D28: AD_B1_14 | E28: 1.30 | H28: SPI1(3) MOSI | K28: 1:TX_BCLK | M28: 3:14 | N28: A2:3
A29: 27/A13 | B29: 8 | D29: AD_B1_15 | E29: 1.31 | H29: SPI1(3) SCK | K29: 1:TX_SYNC | M29: 3:15 | N29: A2:4
A30: 28 | B30: 4 | D30: EMC_32 | E30: 3.18 | F30: Serial7(7) RX | I30: PWM3_B1
A31: 29 | B31: 16 | C31: * | D31: EMC_31 | E31: 4.31 | F31: Serial7(7) TX | H31: SPI2(1) CS1 | I31: PWM3_A1
A32: 30 | B32: 41 | C32: *0 | D32: EMC_37 | E32: 3.23 | I32: GPT1_3 | J32: 3_RX | K32: 3:MCLK | L32: IO-23
A33: 31 | B33: 43 | C33: *0 | D33: EMC_36 | E33: 3.22 | I33: GPT1_2 | J33: 3_TX | K33: 3:TX_DATA | L33: IO-22
A34: 32 | B34: 65 | D34: B0_12 | E34: 2.12 | K34: 1:TX1_RX3 | L34: IO-10 | M34: 2:12 | O34: LCD_DATA8
A35: 33 | B35: 63 | D35: EMC_07 | E35: 4.7 | I35: PWM2_B0 | K35: 2:MCLK | L35: IO-09 | M35: 1:7
A36: 34 | B36: 66 | C36: FPE1 | D36: SD_B0_03 | E36: 3.15 | F36: Serial5(8) RTS | H36: SPI2(1) MISO | I36: PWM1_B1 | L36: IO-07 | O36: DATA1
A37: 35 | B37: 64 | D37: SD_B0_02 | E37: 3.14 | F37: Serial5(8) CTS | H37: SPI2(1) MOSI | I37: PWM1_A1 | L37: IO-06 | O37: DATA0
A38: 36 | B38: 60 | C38: * | D38: SD_B0_01 | E38: 3.13 | G38: Wire2(3) SDA | H38: SPI2(1) CS0 | I38: PWM1_B0 | L38: IO-05 | O38: CLK
A39: 37 | B39: 62 | C39: * | D39: SD_B0_00 | E39: 3.12 | G39: Wire2(3) SCL | H39: SPI2(1) SCK | I39: PWM1_A0 | L39: IO-04 | O39: CMD
A40: 38 | B40: 68 | C40: FPE0 | D40: SD_B0_04 | E40: 3.16 | F40: Serial5(8) TX | H40: FLEXSPI B_SSO_B | I40: PWM1_A2 | L40: IO-08 | O40: DATA2
A41: 39 | B41: 70 | C41: FNCS1 | D41: SD_B0_05 | E41: 3.17 | F41: Serial5(8) RX | H41: FLEXSPI B_DQS | I41: PWM1_B2 | L41: IO-09 | O41: DATA3
A42: 40 | B42: 40 | C42: * | D42: B0_04 | E42: 2:04 | G42: Wire3(2) SCL | I42: QT2_1 | M42: 2:4 | O42: LCD_DATA0
A43: 41 | B43: 42 | C43: * | D43: B0_05 | E43: 2:05 | G43: Wire3(2) SDA | I43: QT2_2 | M43: 2:5 | O43: LCD_DATA1
A44: 42 | B44: 44 | C44: * | D44: B0_06 | E44: 2:06 | I44: QT3_0 | M44: 2:6 | O44: LCD_DATA2
A45: 43 | B45: 46 | C45: * | D45: B0_07 | E45: 2:07 | I45: QT3_1 | M45: 2:7 | O45: LCD_DATA3
A46: 44 | B46: 48 | C46: * | D46: B0_08 | E46: 2:08 | F46: LPUART3_TX | I46: QT3_2 | M46: 2:8 | O46: LCD_DATA4
A47: 45 | B47: 73 | C47: * | D47: B0_09 | E47: 2:09 | F47: LPUART3_RX | I47: QT4_0 | M47: 2:9 | O47: LCD_DATA5
A48: HUSB D- | B48: 37 | C48: *0
A49: HUSB D+ | B49: 35 | C49: *0
A50: Micromod new pins
A51: SD Pins - Cable connector(T4 34-39)
A52: USB D- | B52: 5
A53: USB D+ | B53: 3
A54: USB Pins

Sheet MMod OV757x
A1: Pin | B1: MM Pin | C1: OV767X Shield | D1: MM ATP | E1: MM Func | F1: Name | G1: GPIO | H1: Serial | I1: I2C | J1: SPI | K1: PWM | L1: CAN | M1: Audio | N1: XBAR | O1: FlexIO | P1: Analog | Q1: SD/CSI/LCD
A2: 00 | B2: 19 | D2: UART_TX1 | E2: * | F2: AD_B0_03 | G2: 1.3 | H2: Serial1(6) RX | J2: SPI1(3) CS0 | K2: PWM1_X1 | L2: 2_RX | N2: IO-17
A3: 01 | B3: 17 | D3: UART_RX1 | E3: * | F3: AD_B0_02 | G3: 1.2 | H3: Serial1(6) TX | J3: SPI1(3) MISO | K3: PWM1_X0 | L3: 2_TX | N3: IO-16
A4: 02 | B4: 47 | C4: TFT_RST | D4: PWM1 | E4: * | F4: EMC_04 | G4: 4.4 | K4: PWM4_A2 | M4: 2:TX_DATA | N4: IO-06 | O4: 1:4
A5: 03 | B5: 32 | C5: TFT_BACKLIGHT | D5: PWM0 | E5: * | F5: EMC_05 | G5: 4.5 | K5: PWM4_B2 | M5: 2:TX_SYNC | N5: IO-07 | O5: 1:5
A6: 04 | B6: 10 | C6: TFT_DC | D6: D0 | E6: * | F6: EMC_06 | G6: 4.6 | K6: PWM2_A0 | M6: 2:TX_BCLK | N6: IO-08 | O6: 1:6
A7: 05 | B7: 18 | C7: TFT_CS | D7: D1 | E7: * | F7: EMC_08 | G7: 4.8 | K7: PWM2_A1 | M7: 2:RX_DATA | N7: IO-17 | O7: 1:8
A8: 06 | B8: 71 | C8: CAMERA_D6 | D8: G6/BUS6 | E8: * | F8: B0_10 | G8: 2.10 | K8: PWM2_A2, QT4_1 | M8: 1:TX3_RX1 | O8: 2:10 | Q8: LCD_DATA6
A9: 07 | B9: 56 | C9: AUDIO | D9: AUD_OUT | F9: B1_01 | G9: 2.17 | H9: Serial4(4) RX | K9: PWM1_B3 | M9: 1:TX_DATA | N9: IO-15 | O9: 2:17, 3:17
A10: 08 | B10: 54 | C10: AUDIO | D10: AUD_IN | F10: B1_00 | G10: 2.16 | H10: Serial4(4) TX | K10: PWM1_A3 | M10: 1:RX_DATA | N10: IO-14 | O10: 2:16, 3:16
A11: 09 | B11: 69 | C11: CAMERA_D7 | D11: G7/BUS7 | E11: * | F11: B0_11 | G11: 2.11 | K11: PWM2_B2,QT4_2 | M11: 1:TX2_RX2 | O11: 2:11 | Q11: LCD_DATA7
A12: 10 | B12: 55 | C12: CAMERA_PCLK | D12: SPI_CS | E12: FNCS0 | F12: B0_00 | G12: 2.0 | J12: SPI(4) CS0 | K12: QT1_0 | M12: MQS_RIGHT | O12: 2:0 | Q12: LCD_CLK
A13: 11 | B13: 59 | C13: SPI_MOSI | D13: SPI_SCOPI | E13: * | F13: B0_02 | G13: 2.2 | J13: SPI(4) MOSI | K13: QT1_2 | L13: 1_TX | O13: 2:2 | Q13: LCD_HSYNC
A14: 12 | B14: 61 | C14: SPI_MISO | D14: SPI_CIPO | E14: * | F14: B0_01 | G14: 2.1 | J14: SPI(4) MISO | K14: QT1_1 | M14: MQS_LEFT | O14: 2:1 | Q14: LCD_ENABLE
A15: 13 | B15: 57 | C15: SPI_CLK | D15: SPI_SCK | E15: * | F15: B0_03 | G15: 2.3 | J15: SPI(4) SCK | K15: QT2_0 | L15: 1_RX | O15: 2:3 | Q15: LCD_VSYNC
A16: 14/A0 | B16: 34 | D16: A0 | E16: * | F16: AD_B1_02 | G16: 1.18 | H16: Serial3(2) TX | K16: QT3_2 | M16: SPDIF_OUT | O16: 3:2 | P16: A1:7, A2:7
A17: 15/A1 | B17: 38 | C17: TFT_ADA_CS_SD | D17: A1 | E17: * | F17: AD_B1_03 | G17: 1.19 | H17: Serial3(2) RX | K17: QT3_3 | M17: SPDIF_IN | O17: 3:3 | P17: A1:8, A2:8
A18: 16/A2 | B18: 20 | D18: UART_RX2 | E18: * | F18: AD_B1_07 | G18: 1.23 | H18: Serial2(3) RX | I18: Wire2(3) SCL | M18: SPDIF_EXTCLK | O18: 3:7 | P18: A1:12, A2:12 | Q18: USDHC2_DATA3
A19: 17/A3 | B19: 22 | D19: UART_TX2 | E19: * | F19: AD_B1_06 | G19: 1.22 | H19: Serial2(3) TX | I19: Wire2(3) SDA | M19: SPDIF_LOCK | O19: 3:6 | P19: A1:11, A2:11 | Q19: USDHC2_DATA2
A20: 18/A4 | B20: 12 | C20: WIRE(CAM/AUD) | D20: I2C_SDA | E20: * | F20: AD_B1_01 | G20: 1.17 | H20: Serial3(2) RTS | I20: Wire(1) SDA | K20: QT3_1 | O20: 3:1 | P20: A1:6, A2:6
A21: 19/A5 | B21: 14 | C21: WIRE(CAM/AUD) | D21: I2C_SCL | E21: * | F21: AD_B1_00 | G21: 1.16 | H21: Serial3(2) CTS | I21: Wire(1) SCL | K21: QT3_0 | O21: 3:0 | P21: A1:5, A2:5
A22: 20/A6 | B22: 52 | C22: AUDIO | D22: AUD_LRCLK | F22: AD_B1_10 | G22: 1.26 | H22: Serial5(8) TX | M22: 1:RX_SYNC | O22: 3:10 | P22: A1:15, A2:15
A23: 21/A7 | B23: 50 | C23: AUDIO | D23: AUD_BCLK | F23: AD_B1_11 | G23: 1.27 | H23: Serial5(8) RX | M23: 1:RX_BCLK | O23: 3:11 | P23: A1:0, A2:0
A24: 22/A8 | B24: 49 | C24: <NO EDGE PIN> | D24: BATT_VIN3 | E24: * | F24: AD_B1_08 | G24: 1.24 | K24: PWM4_A0 | L24: 1_TX | O24: 3:8 | P24: A1:13, A2:13 | Q24: USDHC2_CMD
A25: 23/A9 | B25: 58 | C25: AUDIO | D25: AUD_MCLK | F25: AD_B1_09 | G25: 1.25 | K25: PWM4_A1 | L25: 1_RX | M25: 1:MCLK | O25: 3:9 | P25: A1:14, A2:14 | Q25: USDHC2_CLK
A26: 24/A10 | B26: 53 | D26: I2C_SCL1 | F26: AD_B0_12 | G26: 1.12 | H26: Serial6(1) TX | I26: Wire1(4) SCL | K26: PWM1_X2 | P26: A1:1
A27: 25/A11 | B27: 51 | D27: I2C_SDA1 | F27: AD_B0_13 | G27: 1.13 | H27: Serial6(1) RX | I27: Wire1(4) SDA | K27: PWM1_X3 | L27: GPT1_CLK | P27: A1:2
A28: 26/A12 | B28: 67 | C28: TOUCH_CS | D28: G8 | F28: AD_B1_14 | G28: 1.30 | J28: SPI1(3) MOSI | M28: 1:TX_BCLK | O28: 3:14 | P28: A2:3
A29: 27/A13 | B29: 8 | C29: TOUCH_IRQ | D29: G11 | F29: AD_B1_15 | G29: 1.31 | J29: SPI1(3) SCK | M29: 1:TX_SYNC | O29: 3:15 | P29: A2:4
A30: 28 | B30: 4 | C30: <NO EDGE PIN> | D30: 3.3V_EN(no edge pin) | F30: EMC_32 | G30: 3.18 | H30: Serial7(7) RX | K30: PWM3_B1
A31: 29 | B31: 16 | C31: CAMERA_MCLK | D31: I2C_INT# | E31: * | F31: EMC_31 | G31: 4.31 | H31: Serial7(7) TX | J31: SPI2(1) CS1 | K31: PWM3_A1
A32: 30 | B32: 41 | C32: CAMERA_PDN | D32: CAN_RX | E32: *0 | F32: EMC_37 | G32: 3.23 | K32: GPT1_3 | L32: 3_RX | M32: 3:MCLK | N32: IO-23
A33: 31 | B33: 43 | C33: CAMERA_PEN | D33: CAN_TX | E33: *0 | F33: EMC_36 | G33: 3.22 | K33: GPT1_2 | L33: 3_TX | M33: 3:TX_DATA | N33: IO-22
A34: 32 | B34: 65 | C34: CAMERA_HSYNC | D34: G9 | F34: B0_12 | G34: 2.12 | M34: 1:TX1_RX3 | N34: IO-10 | O34: 2:12 | Q34: LCD_DATA8
A35: 33 | B35: 63 | C35: CAMERA_VSYNC | D35: G10 | F35: EMC_07 | G35: 4.7 | K35: PWM2_B0 | M35: 2:MCLK | N35: IO-09 | O35: 1:7
A36: 34 | B36: 66 | C36: SDIO | D36: SDIO_DATA1 | E36: FPE1 | F36: SD_B0_03 | G36: 3.15 | H36: Serial5(8) RTS | J36: SPI2(1) MISO | K36: PWM1_B1 | N36: IO-07 | Q36: DATA1
A37: 35 | B37: 64 | C37: SDIO | D37: SDIO_DATA1 | F37: SD_B0_02 | G37: 3.14 | H37: Serial5(8) CTS | J37: SPI2(1) MOSI | K37: PWM1_A1 | N37: IO-06 | Q37: DATA0
A38: 36 | B38: 60 | C38: SDIO | D38: SDIO_SCK | E38: * | F38: SD_B0_01 | G38: 3.13 | I38: Wire2(3) SDA | J38: SPI2(1) CS0 | K38: PWM1_B0 | N38: IO-05 | Q38: CLK
A39: 37 | B39: 62 | C39: SDIO | D39: SDIO_CMD | E39: * | F39: SD_B0_00 | G39: 3.12 | I39: Wire2(3) SCL | J39: SPI2(1) SCK | K39: PWM1_A0 | N39: IO-04 | Q39: CMD
A40: 38 | B40: 68 | C40: SDIO | D40: SDIO_DATA3 | E40: FPE0 | F40: SD_B0_04 | G40: 3.16 | H40: Serial5(8) TX | J40: FLEXSPI B_SSO_B | K40: PWM1_A2 | N40: IO-08 | Q40: DATA2
A41: 39 | B41: 70 | C41: SDIO | D41: SDIO_DATA2 | E41: FNCS1 | F41: SD_B0_05 | G41: 3.17 | H41: Serial5(8) RX | J41: FLEXSPI B_DQS | K41: PWM1_B2 | N41: IO-09 | Q41: DATA3
A42: 40 | B42: 40 | C42: CAMERA_D0 | D42: G0/BUS0 | E42: * | F42: B0_04 | G42: 2:04 | I42: Wire3(2) SCL | K42: QT2_1 | O42: 2:4 | Q42: LCD_DATA0
A43: 41 | B43: 42 | C43: CAMERA_D1 | D43: G1/BUS1 | E43: * | F43: B0_05 | G43: 2:05 | I43: Wire3(2) SDA | K43: QT2_2 | O43: 2:5 | Q43: LCD_DATA1
A44: 42 | B44: 44 | C44: CAMERA_D2 | D44: G2/BUS2 | E44: * | F44: B0_06 | G44: 2:06 | K44: QT3_0 | O44: 2:6 | Q44: LCD_DATA2
A45: 43 | B45: 46 | C45: CAMERA_D3 | D45: G3/BUS3 | E45: * | F45: B0_07 | G45: 2:07 | K45: QT3_1 | O45: 2:7 | Q45: LCD_DATA3
A46: 44 | B46: 48 | C46: CAMERA_D4 | D46: G4/BUS4 | E46: * | F46: B0_08 | G46: 2:08 | K46: QT3_2 | O46: 2:8 | Q46: LCD_DATA4
A47: 45 | B47: 73 | C47: CAMERA_D5 | D47: G5/BUS5 | E47: * | F47: B0_09 | G47: 2:09 | K47: QT4_0 | O47: 2:9 | Q47: LCD_DATA5
A48: HUSB D- | B48: 37 | D48: USBHOST_D- | E48: *0
A49: HUSB D+ | B49: 35 | D49: USBHOST_D+ | E49: *0
A50: USB D- | B50: 5 | D50: USB_D-
A51: USB D+ | B51: 3 | D51: USB_D+

Sheet MicroMod - Mux
A1: Pin | B1: Name | C1: ALT0 | D1: ALt1 | E1: ALT2 | F1: ALT3 | G1: ALT4 | H1: Alt5 | I1: ALT6 | J1: ALT7 | K1: ALT8 | L1: ALT9
A2: 0 | B2: AD_B0_03 | C2: FLEXCAN2_RX | D2: XBAR1_INOUT17 | E2: LPUART6_RX | F2: USB_OTG1_OC | G2: FLEXPWM1_PWMX01 | H2: GPIO1_IO03 | I2: REF_CLK_24M | J2: LPSPI3_PCS0
A3: 1 | B3: AD_B0_02 | C3: FLEXCAN2_TX | D3: XBAR1_INOUT16 | E3: LPUART6_TX | F3: USB_OTG1_PWR | G3: LEXPWM1_PWMX0 | H3: GPIO1_IO02 | I3: LPI2C1_HREQ | J3: LPSPI3_SDI
A4: 2 | B4: EMC_04 | C4: SEMC_DATA04 | D4: FLEXPWM4_PWMA02 | E4: SAI2_TX_DATA | F4: XBAR1_INOUT06 | G4: FLEXIO1_FLEXIO04 | H4: GPIO4_IO04
A5: 3 | B5: EMC_05 | C5: SEMC_DATA05 | D5: FLEXPWM4_PWMB0 | E5: SAI2_TX_SYNC | F5: XBAR1_INOUT07 | G5: FLEXIO1_FLEXIO05 | H5: GPIO4_IO05
A6: 4 | B6: EMC_06 | C6: SEMC_DATA06 | D6: FLEXPWM2_PWMA00 | E6: SAI2_TX_BCLK | F6: XBAR1_INOUT08 | G6: FLEXIO1_FLEXIO06 | H6: GPIO4_IO06
A7: 5 | B7: EMC_08 | C7: SEMC_DM00 | D7: FLEXPWM2_PWMA01 | E7: SAI2_RX_DATA | F7: XBAR1_INOUT17 | G7: FLEXIO1_FLEXIO08 | H7: GPIO4_IO08
A8: 6 | B8: B0_10 | C8: LCD_DATA06 | D8: QTIMER4_TIMER1 | E8: FLEXPWM2_PWMA02 | F8: SAI1_TX_DATA03 | G8: FLEXIO2_FLEXIO10 | H8: GPIO2_IO10 | I8: SRC_BOOT_CFG06 | K8: ENET2_CRS
A9: 7 | B9: B1_01 | C9: LCD_DATA13 | D9: XBAR1_INOUT15 | E9: LPUART4_RX | F9: SAI1_TX_DATA00 | G9: FLEXIO2_FLEXIO17 | H9: GPIO2_IO17 | I9: FLEXPWM1_PWMB03 | K9: ENET2_RDATA00 | L9: FLEXIO3_FLEXIO17
A10: 8 | B10: B1_00 | C10: LCD_DATA12 | D10: XBAR1_INOUT14 | E10: LPUART4_TX | F10: SAI1_RX_DATA00 | G10: FLEXIO2_FLEXIO16 | H10: GPIO2_IO16 | I10: FLEXPWM1_PWMA03 | K10: ENET2_RX_ER | L10: FLEXIO3_FLEXIO16
A11: 9 | B11: B0_11 | C11: LCD_DATA07 | D11: QTIMER4_TIMER2 | E11: FLEXPWM2_PWMB02 | F11: SAI1_TX_DATA02 | G11: FLEXIO2_FLEXIO11 | H11: GPIO2_IO11 | I11: SRC_BOOT_CFG07 | K11: ENET2_COL
A12: 10 | B12: B0_00 | C12: LCD_CLK | D12: QTIMER1_TIMER0 | E12: MQS_RIGHT | F12: LPSPI4_PCS0 | G12: FLEXIO2_FLEXIO00 | H12: GPIO2_IO00 | I12: SEMC_CSX01 | K12: ENET2_MDC
A13: 11 | B13: B0_02 | C13: LCD_HSYNC | D13: QTIMER1_TIMER2 | E13: FLEXCAN1_TX | F13: LPSPI4_SDO | G13: FLEXIO2_FLEXIO02 | H13: GPIO2_IO02 | I13: SEMC_CSX03 | K13: ENET2_1588_EVENT0_OUT
A14: 12 | B14: B0_01 | C14: LCD_ENABLE | D14: QTIMER1_TIMER1 | E14: MQS_LEFT | F14: LPSPI4_SDI | G14: FLEXIO2_FLEXIO01 | H14: GPIO2_IO01 | I14: SEMC_CSX02 | K14: ENET2_MDIO
A15: 13 | B15: B0_03 | C15: LCD_VSYNC | D15: QTIMER2_TIMER0 | E15: FLEXCAN1_RX | F15: LPSPI4_SCK | G15: FLEXIO2_FLEXIO03 | H15: GPIO2_IO03 | I15: WDOG2_RESET_B_DEB | K15: ENET2_1588_EVENT0_IN
A16: 14/A0 | B16: AD_B1_02 | C16: USB_OTG1_ID | D16: QTIMER3_TIMER2 | E16: LPUART2_TX | F16: SPDIF_OUT | G16: ENET_1588_EVENT2_OUT | H16: GPIO1_IO18 | I16: USDHC1_CD_B | J16: KPP_ROW06 | K16: GPT2_CLK | L16: FLEXIO3_FLEXIO02
A17: 15/A1 | B17: AD_B1_03 | C17: USB_OTG1_OC | D17: QTIMER3_TIMER3 | E17: LPUART2_RX | F17: SPDIF_IN | G17: ENET_1588_EVENT2_IN | H17: GPIO1_IO19 | I17: USDHC2_CD_B | J17: KPP_COL06 | K17: GPT2_CAPTURE1 | L17: FLEXIO3_FLEXIO03
A18: 16/A2 | B18: AD_B1_07 | C18: FLEXSPIB_DATA00 | D18: LPI2C3_SCL | E18: LPUART3_RX | F18: SPDIF_EXT_CLK | G18: CSI_HSYNC | H18: GPIO1_IO23 | I18: USDHC2_DATA3 | J18: KPP_COL04 | K18: GPT2_COMPARE3 | L18: FLEXIO3_FLEXIO07
A19: 17/A3 | B19: AD_B1_06 | C19: FLEXSPIB_DATA01 | D19: LPI2C3_SDA | E19: LPUART3_TX | F19: SPDIF_LOCK | G19: CSI_VSYNC | H19: GPIO1_IO22 | I19: USDHC2_DATA2 | J19: KPP_ROW04 | K19: GPT2_COMPARE2 | L19: FLEXIO3_FLEXIO06
A20: 18/A4 | B20: AD_B1_01 | C20: USB_OTG1_PWR | D20: QTIMER3_TIMER1 | E20: LPUART2_RTS_B | F20: LPI2C1_SDA | G20: CCM_PMIC_READY | H20: GPIO1_IO17 | I20: USDHC1_VSELECT | J20: KPP_COL07 | K20: ENET2_1588_EVENT0_IN | L20: FLEXIO3_FLEXIO01
A21: 19/A5 | B21: AD_B1_00 | C21: USB_OTG2_ID | D21: QTIMER3_TIMER0 | E21: LPUART2_CTS_B | F21: LPI2C1_SCL | G21: WDOG1_B | H21: GPIO1_IO16 | I21: USDHC1_W | J21: KPP_ROW07 | K21: ENET2_1588_EVENT0_OUT | L21: FLEXIO3_FLEXIO00
A22: 20/A6 | B22: AD_B1_10 | C22: FLEXSPIA_DATA03 | D22: WDOG1_B | E22: LPUART8_TX | F22: SAI1_RX_SYNC | G22: CSI_DATA07 | H22: GPIO1_IO26 | I22: USDHC2_WP | J22: KPP_ROW02 | K22: ENET2_1588_EVENT1_OUT | L22: FLEXIO3_FLEXIO10
A23: 21/A7 | B23: AD_B1_11 | C23: FLEXSPIA_DATA02 | D23: EWM_OUT_B | E23: LPUART8_RX | F23: SAI1_RX_BCL | G23: CSI_DATA06 | H23: GPIO1_IO27 | I23: USDHC2_RESET_B | J23: KPP_COL02 | K23: ENET2_1588_EVENT1_IN | L23: FLEXIO3_FLEXIO11
A24: 22/A8 | B24: AD_B1_08 | C24: FLEXSPIA_SS1_B | D24: FLEXPWM4_PWMA00 | E24: FLEXCAN1_TX | F24: CCM_PMIC_READY | G24: CSI_DATA09 | H24: GPIO1_IO24 | I24: USDHC2_CMD | J24: KPP_ROW03 | L24: FLEXIO3_FLEXIO08
A25: 23/A9 | B25: AD_B1_09 | C25: FLEXSPIA_DQS | D25: FLEXPWM4_PWMA01 | E25: FLEXCAN1_RX | F25: SAI1_MCLK | G25: CSI_DATA08 | H25: GPIO1_IO25 | I25: USDHC2_CLK | J25: KPP_COL03 | L25: FLEXIO3_FLEXIO09
A26: 24/A10 | B26: AD_B0_12 | C26: LPI2C4_SCL | D26: CCM_PMIC_READY | E26: LPUART1_TX | F26: WDOG2_WDOG_B | G26: FLEXPWM1_PWMX02 | H26: GPIO1_IO12 | I26: ENET_1588_EVENT1_OUT | J26: NMI_GLUE_NMI
A27: 25/A11 | B27: AD_B0_13 | C27: LPI2C4_SDA | D27: GPT1_CLK | E27: LPUART1_RX | F27: EWM_OUT_B | G27: FLEXPWM1_PWMX03 | H27: GPIO1_IO13 | I27: ENET_1588_EVENT1_IN | J27: REF_CLK_24M
A28: 26/A12 | B28: AD_B1_14 | C28: FLEXSPIA_SCLK | D28: ACMP_OUT02 | E28: LPSPI3_SDO | F28: SAI1_TX_BCLK | G28: CSI_DATA03 | H28: GPIO1_IO30 | I28: USDHC2_DATA6 | J28: KPP_ROW00 | K28: ENET2_1588_EVENT3_OUT | L28: FLEXIO3_FLEXIO14
A29: 27/A13 | B29: AD_B1_15 | C29: FLEXSPIA_SS0_B | D29: ACMP_OUT03 | E29: LPSPI3_SCK | F29: SAI1_TX_SYNC | G29: CSI_DATA02 | H29: GPIO1_IO31 | I29: USDHC2_DATA7 | J29: KPP_COL00 | K29: ENET2_1588_EVENT3_IN | L29: FLEXIO3_FLEXIO15
A30: 28 | B30: EMC_32 | C30: SEMC_DATA10 | D30: FLEXPWM3_PWMB01 | E30: LPUART7_RX | F30: CCM_PMIC_RDY | G30: CSI_DATA21 | H30: GPIO3_IO18 | K30: ENET2_TX_EN
A31: 29 | B31: EMC_31 | C31: SEMC_DATA09 | D31: FLEXPWM3_PWMA01 | E31: LPUART7_TX | F31: LPSPI1_PCS1 | G31: CSI_DATA22 | H31: GPIO4_IO31 | K31: ENET2_TDATA01
A32: 30 | B32: EMC_37 | C32: SEMC_DATA15 | D32: XBAR1_IN23 | E32: GPT1_COMPARE3 | F32: SAI3_MCLK | G32: CSI_DATA16 | H32: GPIO3_IO23 | I32: USDHC2_WP | K32: ENET2_RX_EN | L32: FLEXCAN3_RX
A33: 31 | B33: EMC_36 | C33: SEMC_DATA14 | D33: XBAR1_IN22 | E33: GPT1_COMPARE2 | F33: SAI3_TX_DATA | G33: CSI_DATA17 | H33: GPIO3_IO22 | I33: USDHC1_WP | K33: ENET2_RDATA01 | L33: FLEXCAN3_TX
A34: 32 | B34: B0_12 | C34: LCD_DATA08 | D34: XBAR1_INOUT10 | E34: ARM_TRACE_CLK | F34: SAI1_TX_DATA01 | G34: FLEXIO2_FLEXIO12 | H34: GPIO2_IO12 | I34: SRC_BOOT_CFG08 | K34: ENET2_TDATA00
A35: 33 | B35: EMC_07 | C35: SEMC_DATA07 | D35: FLEXPWM2_PWMB00 | E35: SAI2_MCLK | F35: XBAR1_INOUT09 | G35: FLEXIO1_FLEXIO07 | H35: GPIO4_IO07
A37: 34 | B37: SD_B0_03 | C37: USDHC1_DATA1 | D37: FLEXPWM1_PWMB01 | E37: LPUART8_RTS_B | F37: XBAR1_INOUT07 | G37: LPSPI1_SDI | H37: GPIO3_IO15 | K37: ENET2_RDATA00 | L37: SEMC_CLK6
A38: 35 | B38: SD_B0_02 | C38: USDHC1_DATA0 | D38: FLEXPWM1_PWMA01 | E38: LPUART8_CTS_B | F38: XBAR1_INOUT06 | G38: LPSPI1_SDO | H38: GPIO3_IO14 | K38: ENET2_RX_ER | L38: SEMC_CLK5
A39: 36 | B39: SD_B0_01 | C39: USDHC1_CLK | D39: FLEXPWM1_PWMB00 | E39: LPI2C3_SDA | F39: XBAR1_INOUT05 | G39: LPSPI1_PCS0 | H39: GPIO3_IO13 | I39: FLEXSPIB_SS1_B | K39: ENET2_TX_CLK | L39: ENET2_REF_CLK2
A40: 37 | B40: SD_B0_00 | C40: USDHC1_CMD | D40: FLEXPWM1_PWMA00 | E40: LPI2C3_SCL | F40: XBAR1_INOUT04 | G40: LPSPI1_SCK | H40: GPIO3_IO12 | I40: FLEXSPIA_SS1_B | K40: ENET2_TX_EN | L40: SEMC_DQS4
A41: 38 | B41: SD_B0_04 | C41: USDHC1_DATA2 | D41: FLEXPWM1_PWMA02 | E41: LPUART8_TX | F41: XBAR1_INOUT08 | G41: FLEXSPIB_SS0_B | H41: GPIO3_IO16 | I41: CCM_CLKO1 | K41: ENET2_RDATA01
A42: 39 | B42: SD_B0_05 | C42: USDHC1_DATA3 | D42: FLEXPWM1_PWMB02 | E42: LPUART8_RX | F42: XBAR1_INOUT09 | G42: FLEXSPIB_DQS | H42: GPIO3_IO17 | I42: CCM_CLKO2 | K42: ENET2_RX_EN
A44: 40 | B44: B0_04 | C44: LCD_DATA00 | D44: QTIMER2_TIMER1 | E44: LPI2C2_SCL | F44: ARM_TRACE0 | G44: FLEXIO2_FLEXIO04 | H44: GPIO2_IO04 | I44: SRC_BOOT_CFG00 | K44: ENET2_TDATA03
A45: 41 | B45: B0_05 | C45: LCD_DATA01 | D45: QTIMER2_TIMER2 | E45: LPI2C2_SDA | F45: ARM_TRACE1 | G45: FLEXIO2_FLEXIO05 | H45: GPIO2_IO05 | I45: SRC_BOOT_CFG01 | K45: ENET2_TDATA02
A46: 42 | B46: B0_06 | C46: LCD_DATA02 | D46: QTIMER3_TIMER0 | E46: FLEXPWM2_PWMA00 | F46: ARM_TRACE2 | G46: FLEXIO2_FLEXIO06 | H46: GPIO2_IO06 | I46: SRC_BOOT_CFG02 | K46: ENET2_RX_CLK
A47: 43 | B47: B0_07 | C47: LCD_DATA03 | D47: QTIMER3_TIMER1 | E47: FLEXPWM2_PWNB00 | F47: ARM_TRACE3 | G47: FLEXIO2_FLEXIO07 | H47: GPIO2_IO07 | I47: SRC_BOOT_CFG03 | K47: ENET2_TX_ER
A48: 44 | B48: B0_08 | C48: LCD_DATA04 | D48: QTIMER3_TIMER2 | E48: FLEXPWM2_PWMA01 | F48: LPUART3_TX | G48: FLEXIO2_FLEXIO08 | H48: GPIO2_IO08 | I48: SRC_BOOT_CFG04 | K48: ENET2_RDATA03
A49: 45 | B49: B0_09 | C49: LCD_DATA05 | D49: QTIMER4_TIMER0 | E49: FLEXPWM2_PWMB01 | F49: LPUART3_RX | G49: FLEXIO2_FLEXIO09 | H49: GPIO2_IO09 | I49: SRC_BOOT_CFG05 | K49: ENET2_RDATA02

Sheet MicroMod - GPIO
A1: Pin | B1: Name | C1: GPIO | D1: Serial | E1: I2C | F1: SPI | G1: PWM | H1: CAN | I1: Audio | J1: XBAR | K1: FlexIO | L1: Analog | M1: SD/CSI/LCD
A2: 1 | B2: AD_B0_02 | C2: 1.02 | D2: Serial1(6) TX | F2: SPI1(3) MISO | G2: PWM1_X0 | H2: 2_TX | J2: IO-16
A3: 0 | B3: AD_B0_03 | C3: 1.03 | D3: Serial1(6) RX | F3: SPI1(3) CS0 | G3: PWM1_X1 | H3: 2_RX | J3: IO-17
A4: 24/A10 | B4: AD_B0_12 | C4: 1.12 | D4: Serial6(1) TX | E4: Wire1(4) SCL | G4: PWM1_X2 | L4: A1:1
A5: 25/A11 | B5: AD_B0_13 | C5: 1.13 | D5: Serial6(1) RX | E5: Wire1(4) SDA | G5: PWM1_X3 | H5: GPT1_CLK | L5: A1:2
A6: 19/A5 | B6: AD_B1_00 | C6: 1.16 | D6: Serial3(2) CTS | E6: Wire(1) SCL | G6: QT3_0 | K6: 3:0 | L6: A1:5, A2:5
A7: 18/A4 | B7: AD_B1_01 | C7: 1.17 | D7: Serial3(2) RTS | E7: Wire(1) SDA | G7: QT3_1 | K7: 3:1 | L7: A1:6, A2:6
A8: 14/A0 | B8: AD_B1_02 | C8: 1.18 | D8: Serial3(2) TX | G8: QT3_2 | I8: SPDIF_OUT | K8: 3:2 | L8: A1:7, A2:7
A9: 15/A1 | B9: AD_B1_03 | C9: 1.19 | D9: Serial3(2) RX | G9: QT3_3 | I9: SPDIF_IN | K9: 3:3 | L9: A1:8, A2:8
A10: 17/A3 | B10: AD_B1_06 | C10: 1.22 | D10: Serial2(3) TX | E10: Wire2(3) SDA | I10: SPDIF_LOCK | K10: 3:6 | L10: A1:11, A2:11 | M10: USDHC2_DATA2
A11: 16/A2 | B11: AD_B1_07 | C11: 1.23 | D11: Serial2(3) RX | E11: Wire2(3) SCL | I11: SPDIF_EXTCLK | K11: 3:7 | L11: A1:12, A2:12 | M11: USDHC2_DATA3
A12: 22/A8 | B12: AD_B1_08 | C12: 1.24 | G12: PWM4_A0 | H12: 1_TX | K12: 3:8 | L12: A1:13, A2:13 | M12: USDHC2_CMD
A13: 23/A9 | B13: AD_B1_09 | C13: 1.25 | G13: PWM4_A1 | H13: 1_RX | I13: 1:MCLK | K13: 3:9 | L13: A1:14, A2:14 | M13: USDHC2_CLK
A14: 20/A6 | B14: AD_B1_10 | C14: 1.26 | D14: Serial5(8) TX | I14: 1:RX_SYNC | K14: 3:10 | L14: A1:15, A2:15
A15: 21/A7 | B15: AD_B1_11 | C15: 1.27 | D15: Serial5(8) RX | I15: 1:RX_BCLK | K15: 3:11 | L15: A1:0, A2:0
A16: 26/A12 | B16: AD_B1_14 | C16: 1.30 | F16: SPI1(3) MOSI | I16: 1:TX_BCLK | K16: 3:14 | L16: A2:3
A17: 27/A13 | B17: AD_B1_15 | C17: 1.31 | F17: SPI1(3) SCK | I17: 1:TX_SYNC | K17: 3:15 | L17: A2:4
A18: 10 | B18: B0_00 | C18: 2.00 | F18: SPI(4) CS0 | G18: QT1_0 | I18: MQS_RIGHT | K18: 2:0 | M18: LCD_CLK
A19: 12 | B19: B0_01 | C19: 2.01 | F19: SPI(4) MISO | G19: QT1_1 | I19: MQS_LEFT | K19: 2:1 | M19: LCD_ENABLE
A20: 11 | B20: B0_02 | C20: 2.02 | F20: SPI(4) MOSI | G20: QT1_2 | H20: 1_TX | K20: 2:2 | M20: LCD_HSYNC
A21: 13 | B21: B0_03 | C21: 2.03 | F21: SPI(4) SCK | G21: QT2_0 | H21: 1_RX | K21: 2:3 | M21: LCD_VSYNC
A22: 40 | B22: B0_04 | C22: 2.04 | E22: Wire3(2) SCL | G22: QT2_1 | K22: 2:4 | M22: LCD_DATA0
A23: 41 | B23: B0_05 | C23: 2.05 | E23: Wire3(2) SDA | G23: QT2_2 | K23: 2:5 | M23: LCD_DATA1
A24: 42 | B24: B0_06 | C24: 2.06 | G24: QT3_0 | K24: 2:6 | M24: LCD_DATA2
A25: 43 | B25: B0_07 | C25: 2.07 | G25: QT3_1 | K25: 2:7 | M25: LCD_DATA3
A26: 44 | B26: B0_08 | C26: 2.08 | G26: QT3_2 | K26: 2:8 | M26: LCD_DATA4
A27: 45 | B27: B0_09 | C27: 2.09 | G27: QT4_0 | K27: 2:9 | M27: LCD_DATA5
A28: 6 | B28: B0_10 | C28: 2.10 | G28: PWM2_A2, QT4_1 | I28: 1:TX3_RX1 | K28: 2:10 | M28: LCD_DATA6
A29: 9 | B29: B0_11 | C29: 2.11 | G29: PWM2_B2,QT4_2 | I29: 1:TX2_RX2 | K29: 2:11 | M29: LCD_DATA7
A30: 32 | B30: B0_12 | C30: 2.12 | I30: 1:TX1_RX3 | J30: IO-10 | K30: 2:12 | M30: LCD_DATA8
A31: 8 | B31: B1_00 | C31: 2.16 | D31: Serial4(4) TX | G31: PWM1_A3 | I31: 1:RX_DATA | J31: IO-14 | K31: 2:16, 3:16
A32: 7 | B32: B1_01 | C32: 2.17 | D32: Serial4(4) RX | G32: PWM1_B3 | I32: 1:TX_DATA | J32: IO-15 | K32: 2:17, 3:17
A33: 37 | B33: SD_B0_00 | C33: 3.12 | E33: Wire2(3) SCL | F33: SPI2(1) SCK | G33: PWM1_A0 | J33: IO-04 | M33: CMD
A34: 36 | B34: SD_B0_01 | C34: 3.13 | E34: Wire2(3) SDA | F34: SPI2(1) CS0 | G34: PWM1_B0 | J34: IO-05 | M34: CLK
A35: 35 | B35: SD_B0_02 | C35: 3.14 | D35: Serial5(8) CTS | F35: SPI2(1) MOSI | G35: PWM1_A1 | J35: IO-06 | M35: DATA0
A36: 34 | B36: SD_B0_03 | C36: 3.15 | D36: Serial5(8) RTS | F36: SPI2(1) MISO | G36: PWM1_B1 | J36: IO-07 | M36: DATA1
A37: 38 | B37: SD_B0_04 | C37: 3.16 | D37: Serial5(8) TX | F37: FLEXSPI B_SSO_B | G37: PWM1_A2 | J37: IO-08 | M37: DATA2
A38: 39 | B38: SD_B0_05 | C38: 3.17 | D38: Serial5(8) RX | F38: FLEXSPI B_DQS | G38: PWM1_B2 | J38: IO-09 | M38: DATA3
A39: 28 | B39: EMC_32 | C39: 3.18 | D39: Serial7(7) RX | G39: PWM3_B1
A40: 31 | B40: EMC_36 | C40: 3.22 | G40: GPT1_2 | H40: 3_TX | I40: 3:TX_DATA | J40: IO-22
A41: 30 | B41: EMC_37 | C41: 3.23 | G41: GPT1_3 | H41: 3_RX | I41: 3:MCLK | J41: IO-23
A42: 2 | B42: EMC_04 | C42: 4.04 | G42: PWM4_A2 | I42: 2:TX_DATA | J42: IO-06 | K42: 1:4
A43: 3 | B43: EMC_05 | C43: 4.05 | G43: PWM4_B2 | I43: 2:TX_SYNC | J43: IO-07 | K43: 1:5
A44: 4 | B44: EMC_06 | C44: 4.06 | G44: PWM2_A0 | I44: 2:TX_BCLK | J44: IO-08 | K44: 1:6
A45: 33 | B45: EMC_07 | C45: 4.07 | G45: PWM2_B0 | I45: 2:MCLK | J45: IO-09 | K45: 1:7
A46: 5 | B46: EMC_08 | C46: 4.08 | G46: PWM2_A1 | I46: 2:RX_DATA | J46: IO-17 | K46: 1:8
A47: 29 | B47: EMC_31 | C47: 4.31 | D47: Serial7(7) TX | F47: SPI2(1) CS1 | G47: PWM3_A1

Sheet Micromod - MM Pin
A1: Pin | B1: MM Pin | C1: MM ATP | D1: Machine Learning | E1: Machine 2nd use | F1: Name | G1: GPIO | H1: Serial | I1: I2C | J1: SPI | K1: PWM | L1: CAN | M1: Audio | N1: XBAR | O1: FlexIO | P1: Analog | Q1: SD/CSI/LCD
A2: 4 | B2: 10 | C2: D0 | D2: D0 | E2: HEADER_CS | F2: EMC_06 | G2: 4.6 | K2: PWM2_A0 | M2: 2:TX_BCLK | N2: IO-08 | O2: 1:6
A3: 18/A4 | B3: 12 | C3: I2C_SDA | D3: I2C_SDA | F3: AD_B1_01 | G3: 1.17 | H3: Serial3(2) RTS | I3: Wire(1) SDA | K3: QT3_1 | O3: 3:1 | P3: A1:6, A2:6
A4: 19/A5 | B4: 14 | C4: I2C_SCL | D4: I2C_SCL | F4: AD_B1_00 | G4: 1.16 | H4: Serial3(2) CTS | I4: Wire(1) SCL | K4: QT3_0 | O4: 3:0 | P4: A1:5, A2:5
A5: 29 | B5: 16 | C5: I2C_INT# | D5: CAMERA_INT | F5: EMC_31 | G5: 4.31 | H5: Serial7(7) TX | J5: SPI2(1) CS1 | K5: PWM3_A1
A6: 1 | B6: 17 | C6: UART_RX1 | D6: RX1 | F6: AD_B0_02 | G6: 1.2 | H6: Serial1(6) TX | J6: SPI1(3) MISO | K6: PWM1_X0 | L6: 2_TX | N6: IO-16
A7: 5 | B7: 18 | C7: D1 | D7: D1 | E7: CAMERA_TRIG | F7: EMC_08 | G7: 4.8 | K7: PWM2_A1 | M7: 2:RX_DATA | N7: IO-17 | O7: 1:8
A8: 0 | B8: 19 | C8: UART_TX1 | D8: TX1 | F8: AD_B0_03 | G8: 1.3 | H8: Serial1(6) RX | J8: SPI1(3) CS0 | K8: PWM1_X1 | L8: 2_RX | N8: IO-17
A9: 16/A2 | B9: 20 | C9: UART_RX2 | F9: AD_B1_07 | G9: 1.23 | H9: Serial2(3) RX | I9: Wire2(3) SCL | M9: SPDIF_EXTCLK | O9: 3:7 | P9: A1:12, A2:12 | Q9: USDHC2_DATA3
A10: 17/A3 | B10: 22 | C10: UART_TX2 | F10: AD_B1_06 | G10: 1.22 | H10: Serial2(3) TX | I10: Wire2(3) SDA | M10: SPDIF_LOCK | O10: 3:6 | P10: A1:11, A2:11 | Q10: USDHC2_DATA2
A11: USB D+ | B11: 3 | C11: USB_D+ | D11: USB_D+
A12: 3 | B12: 32 | C12: PWM0 | D12: PWM0 | F12: EMC_05 | G12: 4.5 | K12: PWM4_B2 | M12: 2:TX_SYNC | N12: IO-07 | O12: 1:5
A13: 14/A0 | B13: 34 | C13: A0 | D13: A0 | F13: AD_B1_02 | G13: 1.18 | H13: Serial3(2) TX | K13: QT3_2 | M13: SPDIF_OUT | O13: 3:2 | P13: A1:7, A2:7
A14: HUSB D+ | B14: 35 | C14: USBHOST_D+
A15: HUSB D- | B15: 37 | C15: USBHOST_D-
A16: 15/A1 | B16: 38 | C16: A1 | D16: A1 | F16: AD_B1_03 | G16: 1.19 | H16: Serial3(2) RX | K16: QT3_3 | M16: SPDIF_IN | O16: 3:3 | P16: A1:8, A2:8
A17: 28 | B17: 4 | C17: 3.3V_EN | D17: 3.3V_EN | F17: EMC_32 | G17: 3.18 | H17: Serial7(7) RX | K17: PWM3_B1
A18: 40 | B18: 40 | C18: G0/BUS0 | D18: CAMERA_D0 | F18: B0_04 | G18: 2:04 | I18: Wire3(2) SCL | K18: QT2_1 | O18: 2:4 | Q18: LCD_DATA0
A19: 30 | B19: 41 | C19: CAN_RX | F19: EMC_37 | G19: 3.23 | K19: GPT1_3 | L19: 3_RX | M19: 3:MCLK | N19: IO-23
A20: 41 | B20: 42 | C20: G1/BUS1 | D20: CAMERA_D1 | F20: B0_05 | G20: 2:05 | I20: Wire3(2) SDA | K20: QT2_2 | O20: 2:5 | Q20: LCD_DATA1
A21: 31 | B21: 43 | C21: CAN_TX | F21: EMC_36 | G21: 3.22 | K21: GPT1_2 | L21: 3_TX | M21: 3:TX_DATA | N21: IO-22
A22: 42 | B22: 44 | C22: G2/BUS2 | D22: CAMERA_D2 | F22: B0_06 | G22: 2:06 | K22: QT3_0 | O22: 2:6 | Q22: LCD_DATA2
A23: 43 | B23: 46 | C23: G3/BUS3 | D23: CAMERA_D3 | F23: B0_07 | G23: 2:07 | K23: QT3_1 | O23: 2:7 | Q23: LCD_DATA3
A24: 2 | B24: 47 | C24: PWM1 | D24: PWM1 | E24: CAM_VDD | F24: EMC_04 | G24: 4.4 | K24: PWM4_A2 | M24: 2:TX_DATA | N24: IO-06 | O24: 1:4
A25: 44 | B25: 48 | C25: G4/BUS4 | D25: CAMERA_D4 | F25: B0_08 | G25: 2:08 | K25: QT3_2 | O25: 2:8 | Q25: LCD_DATA4
A26: 22/A8 | B26: 49 | C26: BATT_VIN3 | D26: BATT_VIN3 | F26: AD_B1_08 | G26: 1.24 | K26: PWM4_A0 | L26: 1_TX | O26: 3:8 | P26: A1:13, A2:13 | Q26: USDHC2_CMD
A27: USB D- | B27: 5 | C27: USB_D- | D27: USB_D-
A28: 21/A7 | B28: 50 | C28: AUD_BCLK | D28: I2S_SCK | E28: PDM_CLK | F28: AD_B1_11 | G28: 1.27 | H28: Serial5(8) RX | M28: 1:RX_BCLK | O28: 3:11 | P28: A1:0, A2:0
A29: 25/A11 | B29: 51 | C29: I2C_SDA1 | F29: AD_B0_13 | G29: 1.13 | H29: Serial6(1) RX | I29: Wire1(4) SDA | K29: PWM1_X3 | L29: GPT1_CLK | P29: A1:2
A30: 20/A6 | B30: 52 | C30: AUD_LRCLK | D30: I2S_WS | E30: PDM_DAT | F30: AD_B1_10 | G30: 1.26 | H30: Serial5(8) TX | M30: 1:RX_SYNC | O30: 3:10 | P30: A1:15, A2:15
A31: 24/A10 | B31: 53 | C31: I2C_SCL1 | F31: AD_B0_12 | G31: 1.12 | H31: Serial6(1) TX | I31: Wire1(4) SCL | K31: PWM1_X2 | P31: A1:1
A32: 8 | B32: 54 | C32: AUD_IN | D32: I2S_SD | E32: CAMERA_PCLK | F32: B1_00 | G32: 2.16 | H32: Serial4(4) TX | K32: PWM1_A3 | M32: 1:RX_DATA | N32: IO-14 | O32: 2:16, 3:16
A33: 10 | B33: 55 | C33: SPI_CS | D33: SPI_CS | F33: B0_00 | G33: 2.0 | J33: SPI(4) CS0 | K33: QT1_0 | M33: MQS_RIGHT | O33: 2:0 | Q33: LCD_CLK
A34: 7 | B34: 56 | C34: AUD_OUT | D34: CAMERA_MCLK | F34: B1_01 | G34: 2.17 | H34: Serial4(4) RX | K34: PWM1_B3 | M34: 1:TX_DATA | N34: IO-15 | O34: 2:17, 3:17
A35: 13 | B35: 57 | C35: SPI_SCK | D35: SPI_SCK | F35: B0_03 | G35: 2.3 | J35: SPI(4) SCK | K35: QT2_0 | L35: 1_RX | O35: 2:3 | Q35: LCD_VSYNC
A36: 23/A9 | B36: 58 | C36: AUD_MCLK | F36: AD_B1_09 | G36: 1.25 | K36: PWM4_A1 | L36: 1_RX | M36: 1:MCLK | O36: 3:9 | P36: A1:14, A2:14 | Q36: USDHC2_CLK
A37: 11 | B37: 59 | C37: SPI_SCOPI | D37: SPI_SCOPI | F37: B0_02 | G37: 2.2 | J37: SPI(4) MOSI | K37: QT1_2 | L37: 1_TX | O37: 2:2 | Q37: LCD_HSYNC
A38: 36 | B38: 60 | C38: SDIO_SCK | F38: SD_B0_01 | G38: 3.13 | I38: Wire2(3) SDA | J38: SPI2(1) CS0 | K38: PWM1_B0 | N38: IO-05 | Q38: CLK
A39: 12 | B39: 61 | C39: SPI_CIPO | D39: SPI_CIPO | F39: B0_01 | G39: 2.1 | J39: SPI(4) MISO | K39: QT1_1 | M39: MQS_LEFT | O39: 2:1 | Q39: LCD_ENABLE
A40: 37 | B40: 62 | C40: SDIO_CMD | F40: SD_B0_00 | G40: 3.12 | I40: Wire2(3) SCL | J40: SPI2(1) SCK | K40: PWM1_A0 | N40: IO-04 | Q40: CMD
A41: 33 | B41: 63 | C41: G10 | D41: CAMERA_VSYNC | F41: EMC_07 | G41: 4.7 | K41: PWM2_B0 | M41: 2:MCLK | N41: IO-09 | O41: 1:7
A42: 35 | B42: 64 | C42: SDIO_DATA1 | F42: SD_B0_02 | G42: 3.14 | H42: Serial5(8) CTS | J42: SPI2(1) MOSI | K42: PWM1_A1 | N42: IO-06 | Q42: DATA0
A43: 32 | B43: 65 | C43: G9 | D43: CAMERA_HSYNC | F43: B0_12 | G43: 2.12 | M43: 1:TX1_RX3 | N43: IO-10 | O43: 2:12 | Q43: LCD_DATA8
A44: 34 | B44: 66 | C44: SDIO_DATA1 | F44: SD_B0_03 | G44: 3.15 | H44: Serial5(8) RTS | J44: SPI2(1) MISO | K44: PWM1_B1 | N44: IO-07 | Q44: DATA1
A45: 26/A12 | B45: 67 | C45: G8 | F45: AD_B1_14 | G45: 1.30 | J45: SPI1(3) MOSI | M45: 1:TX_BCLK | O45: 3:14 | P45: A2:3
A46: 38 | B46: 68 | C46: SDIO_DATA3 | F46: SD_B0_04 | G46: 3.16 | H46: Serial5(8) TX | J46: FLEXSPI B_SSO_B | K46: PWM1_A2 | N46: IO-08 | Q46: DATA2
A47: 9 | B47: 69 | C47: G7/BUS7 | D47: CAMERA_D7 | F47: B0_11 | G47: 2.11 | K47: PWM2_B2,QT4_2 | M47: 1:TX2_RX2 | O47: 2:11 | Q47: LCD_DATA7
A48: 39 | B48: 70 | C48: SDIO_DATA2 | F48: SD_B0_05 | G48: 3.17 | H48: Serial5(8) RX | J48: FLEXSPI B_DQS | K48: PWM1_B2 | N48: IO-09 | Q48: DATA3
A49: 6 | B49: 71 | C49: G6/BUS6 | D49: CAMERA_D6 | F49: B0_10 | G49: 2.10 | K49: PWM2_A2, QT4_1 | M49: 1:TX3_RX1 | O49: 2:10 | Q49: LCD_DATA6
A50: 45 | B50: 73 | C50: G5/BUS5 | D50: CAMERA_D5 | F50: B0_09 | G50: 2:09 | K50: QT4_0 | O50: 2:9 | Q50: LCD_DATA5
A51: 27/A13 | B51: 8 | C51: G11 | F51: AD_B1_15 | G51: 1.31 | J51: SPI1(3) SCK | M51: 1:TX_SYNC | O51: 3:15 | P51: A2:4

Sheet MicroMod Function Boards
A1: F Pin | B1: Function name | C1: F0 Teensy pin | D1: F1 Teensy Pin
A2: 73 | B2: 3.3V
A3: 38 | B3: A0 | C3: 14 | D3: 15
A4: 41 | B4: CAN-RX | C4: 30 | D4: NC
A5: 43 | B5: CAN-TX | C5: 31 | D5: NC
A6: 18 | B6: CTS | C6: (Teensy NC) | D6: NC
A7: 36 | B7: EEPROM_A0 | C7: 0v | D7: 3.3v
A8: 34 | B8: EEPROM_A1 | C8: 0v | D8: 0v
A9: 32 | B9: EEPROM_A2 | C9: 0v | D9: 0v
A10: 40 | B10: EEPROM_WP
A11: 47 | B11: F0/!INT! | C11: 4 | D11: 5
A12: 49 | B12: F1/!CS! | C12: 10 | D12: 39
A13: 51 | B13: F2/PWM | C13: 3 | D13: 2
A14: 53 | B14: F3 | C14: 40 | D14: J9
A15: 55 | B15: F4 | C15: 41 | D15: J11
A16: 57 | B16: F5 | C16: 42 | D16: 9
A17: 59 | B17: F6 | C17: 43 | D17: 37
A18: 61 | B18: F7 | C18: 44 (SD CS) | D18: 36
A19: 1 | B19: GND
A20: 23 | B20: I2C_!INT! | C20: 29 | D20: 29
A21: 21 | B21: I2C_SCL | C21: 19 | D21: 19
A22: 19 | B22: I2C_SDA | C22: 18 | D22: 18
A23: 71 | B23: PWR_EN
A24: 16 | B24: RTS | C24: (Teensy NC) | D24: NC
A25: 15 | B25: RX | C25: 1 | D25: 17
A26: 3 | B26: SPI_SCK | C26: 13 | D26: 13
A27: 5 | B27: SPI_SDI | C27: 11 | D27: 11
A28: 7 | B28: SPI_SDO | C28: 12 | D28: 12
A29: 13 | B29: TX | C29: 0 | D29: 16
A30: 35 | B30: USBHOST_D+ | C30: USB Host D+ | D30: NC
A31: 37 | B31: USBHOST_D- | C31: D- | D31: NC
A32: 70 | B32: USB_VIN | C32: NC | D32: NC
A33: 72 | B33: VCC

Sheet T4.1 card like (2)
A1: MMOD | B1: Audio | C1: Prop | D1: Native | E1: GPIO | F1: Audio | G1: FlexIO | H1: Xbar | I1: I2C | J1: CAN | K1: SPI | L1: Serial | M1: Analog | N1: PWM | O1: Digital | R1: Digital | S1: PWM | T1: Analog | U1: Serial | V1: SPI | W1: CAN | X1: I2C | Y1: Xbar | Z1: FlexIO | AA1: Audio | AB1: GPIO | AC1: Native | AD1: Prop | AE1: Audio | AF1: MMOD
B2: G | C2: GND | M2: GND | R2: Vin | AD2: 5V
A3: =_xlfn.XLOOKUP(D3, Micromod!$D$2:$D$47,Micromod!$A$2:$A$47,"") -> 00 | D3: AD_B0_03 | E3: 1.3 | H3: 17 | J3: RX2 | K3: CS1 | L3: RX1 | N3: 1X1 | O3: 0 | R3: GND | AD3: G | AE3: G
A4: =_xlfn.XLOOKUP(D4, Micromod!$D$2:$D$47,Micromod!$A$2:$A$47,"") -> 01 | D4: AD_B0_02 | E4: 1.2 | H4: 16 | J4: TX2 | K4: MISO1 | L4: TX1 | N4: 1X0 | O4: 1 | R4: 3.3V 250mA max | AD4: 3V | AE4: 3.3
A5: =_xlfn.XLOOKUP(D5, Micromod!$D$2:$D$47,Micromod!$A$2:$A$47,"") -> 02 | C5: S | D5: EMC_04 | E5: 4.4 | F5: O2 | G5: 1:4 | H5: 6 | N5: 4A2 | O5: 2 | R5: 23 | S5: 4A1 | T5: A9 | W5: RX1 | Z5: 3:9 | AA5: MCL1 | AB5: 1.25 | AC5: AD_B1_09 | AD5: CSI_D8 | AE5: A | AF5: =_xlfn.XLOOKUP(AC5, Micromod!$D$2:$D$47,Micromod!$A$2:$A$47,"") -> 23/A9
A6: =_xlfn.XLOOKUP(D6, Micromod!$D$2:$D$47,Micromod!$A$2:$A$47,"") -> 03 | B6: M | D6: EMC_05 | E6: 4.5 | F6: LR2 | G6: 1:5 | H6: 7 | N6: 4B2 | O6: 3 | R6: 22 | S6: 4A0 | T6: A8 | W6: TX1 | Z6: 0.13055556 | AB6: 1.24 | AC6: AD_B1_08 | AD6: CSI_D9 | AF6: =_xlfn.XLOOKUP(AC6, Micromod!$D$2:$D$47,Micromod!$A$2:$A$47,"") -> 22/A8
A7: =_xlfn.XLOOKUP(D7, Micromod!$D$2:$D$47,Micromod!$A$2:$A$47,"") -> 04 | B7: A | D7: EMC_06 | E7: 4.6 | F7: BCL2 | G7: 1:6 | H7: 8 | N7: 2A0 | O7: 4 | R7: 21 | T7: A7 | U7: RX5 | Z7: 0.13263889 | AA7: BCL1 | AB7: 1.27 | AC7: AD_B1_11 | AD7: CSI_D6 | AE7: A | AF7: =_xlfn.XLOOKUP(AC7, Micromod!$D$2:$D$47,Micromod!$A$2:$A$47,"") -> 21/A7
A8: =_xlfn.XLOOKUP(D8, Micromod!$D$2:$D$47,Micromod!$A$2:$A$47,"") -> 05 | B8: A | C8: A-EN | D8: EMC_08 | E8: 4.8 | F8: IN2 | G8: 1:8 | H8: 17 | N8: 2A1 | O8: 5 | R8: 20 | T8: A6 | U8: TX5 | Z8: 0.13194444 | AA8: LRC1 | AB8: 1.26 | AC8: AD_B1_10 | AD8: CSI_D7 | AE8: A | AF8: =_xlfn.XLOOKUP(AC8, Micromod!$D$2:$D$47,Micromod!$A$2:$A$47,"") -> 20/A6
A9: =_xlfn.XLOOKUP(D9, Micromod!$D$2:$D$47,Micromod!$A$2:$A$47,"") -> 06 | C9: M-CS | D9: B0_10 | E9: 2.10 | F9: O1D | G9: 2:10 | N9: 2A2, Q41 | O9: 6 | R9: 19 | S9: Q30 | T9: A5 | U9: CTS3 | X9: SCL0 | Z9: 0.125 | AB9: 1.16 | AC9: AD_B1_00 | AD9: S | AE9: C | AF9: =_xlfn.XLOOKUP(AC9, Micromod!$D$2:$D$47,Micromod!$A$2:$A$47,"") -> 19/A5
A10: =_xlfn.XLOOKUP(D10, Micromod!$D$2:$D$47,Micromod!$A$2:$A$47,"") -> 07 | C10: L-EN | D10: B1_01 | E10: 2.17 | F10: O1A | G10: 2:17, 3:17 | H10: 15 | L10: RX2 | N10: 1B3 | O10: 7 | R10: 18 | S10: Q31 | T10: A4 | X10: SDA0 | Z10: 0.12569444 | AB10: 1.17 | AC10: AD_B1_01 | AD10: S | AE10: C | AF10: =_xlfn.XLOOKUP(AC10, Micromod!$D$2:$D$47,Micromod!$A$2:$A$47,"") -> 18/A4
A11: =_xlfn.XLOOKUP(D11, Micromod!$D$2:$D$47,Micromod!$A$2:$A$47,"") -> 08 | D11: B1_00 | E11: 2.16 | F11: IN1 | G11: 2:16, 3:16 | H11: 14 | L11: TX2 | N11: 1A3 | O11: 8 | R11: 17 | T11: A3 | U11: TX4 | X11: SDA1 | Z11: 0.12916667 | AB11: 1.22 | AC11: AD_B1_06 | AD11: CSI_VSYNC | AF11: =_xlfn.XLOOKUP(AC11, Micromod!$D$2:$D$47,Micromod!$A$2:$A$47,"") -> 17/A3
A12: =_xlfn.XLOOKUP(D12, Micromod!$D$2:$D$47,Micromod!$A$2:$A$47,"") -> 09 | D12: B0_11 | E12: 2.11 | F12: O1C | G12: 2:11 | N12: 2B2,Q42 | O12: 9 | R12: 16 | T12: A2 | U12: RX4 | X12: SCL1 | Z12: 0.12986111 | AB12: 1.23 | AC12: AD_B1_07 | AD12: CSI_HSYNC | AF12: =_xlfn.XLOOKUP(AC12, Micromod!$D$2:$D$47,Micromod!$A$2:$A$47,"") -> 16/A2
A13: =_xlfn.XLOOKUP(D13, Micromod!$D$2:$D$47,Micromod!$A$2:$A$47,"") -> 10 | B13: S | D13: B0_00 | E13: 2.0 | F13: MQR | G13: 2:0 | K13: CS0 | N13: Q10 | O13: 10 | R13: 15 | S13: Q33 | T13: A1 | U13: RX3 | Z13: 0.12708333 | AA13: SPDI | AB13: 1.19 | AC13: AD_B1_03 | AE13: V | AF13: =_xlfn.XLOOKUP(AC13, Micromod!$D$2:$D$47,Micromod!$A$2:$A$47,"") -> 15/A1
A14: =_xlfn.XLOOKUP(D14, Micromod!$D$2:$D$47,Micromod!$A$2:$A$47,"") -> 11 | B14: SM | C14: M/L | D14: B0_02 | E14: 2.2 | G14: 2:2 | J14: TX1 | K14: MOSI0 | N14: Q12 | O14: 11 | R14: 14 | S14: Q32 | T14: A0 | U14: TX3 | Z14: 0.12638889 | AA14: SPDO | AB14: 1.18 | AC14: AD_B1_02 | AF14: =_xlfn.XLOOKUP(AC14, Micromod!$D$2:$D$47,Micromod!$A$2:$A$47,"") -> 14/A0
A15: =_xlfn.XLOOKUP(D15, Micromod!$D$2:$D$47,Micromod!$A$2:$A$47,"") -> 12 | B15: SM | C15: M | D15: B0_01 | E15: 2.1 | F15: MQL | G15: 2:1 | K15: MISO0 | N15: Q11 | O15: 12 | R15: 13 | S15: Q20 | T15: LED | V15: SCK0 | W15: rx1 | Z15: 0.085416667 | AB15: 2.3 | AC15: B0_03 | AD15: M | AE15: SM | AF15: =_xlfn.XLOOKUP(AC15, Micromod!$D$2:$D$47,Micromod!$A$2:$A$47,"") -> 13
A16: =_xlfn.XLOOKUP(D16, Micromod!$D$2:$D$47,Micromod!$A$2:$A$47,"") | M16: 3.3V | R16: GND | AF16: =_xlfn.XLOOKUP(AC16, Micromod!$D$2:$D$47,Micromod!$A$2:$A$47,"")
A17: =_xlfn.XLOOKUP(D17, Micromod!$D$2:$D$47,Micromod!$A$2:$A$47,"") -> 24/A10 | D17: AD_B0_12 | E17: 1.12 | I17: SCL2 | L17: TX6 | M17: A10-1 | N17: 1X2 | O17: 24 | R17: 41 | S17: GPT2-1 | T17: A17 | Z17: 3:5 | AB17: 1.21 | AC17: AD_B1_05 | AD17: CSI_MCLK | AF17: =_xlfn.XLOOKUP(AC17, Micromod!$D$2:$D$47,Micromod!$A$2:$A$47,"")
A18: =_xlfn.XLOOKUP(D18, Micromod!$D$2:$D$47,Micromod!$A$2:$A$47,"") -> 25/A11 | D18: AD_B0_13 | E18: 1.13 | I18: SDA2 | L18: RX6 | M18: A11-1 | N18: 1X3 | O18: 25 | R18: 40 | S18: GPT2-2 | T18: A16 | Z18: 3:4 | AB18: 1.20 | AC18: AD_B1_04 | AD18: CSI_PIXCLK | AF18: =_xlfn.XLOOKUP(AC18, Micromod!$D$2:$D$47,Micromod!$A$2:$A$47,"")
A19: =_xlfn.XLOOKUP(D19, Micromod!$D$2:$D$47,Micromod!$A$2:$A$47,"") -> 26/A12 | C19: CSI_D3 | D19: AD_B1_14 | E19: 1.30 | G19: 3:14 | K19: MOSI1 | M19: A12-2 | O19: 26 | R19: 39 | T19: A15-2 | V19: MISO1 | Z19: 3:13 | AB19: 1.29 | AC19: AD_B1_13 | AD19: CSI_D4 | AF19: =_xlfn.XLOOKUP(AC19, Micromod!$D$2:$D$47,Micromod!$A$2:$A$47,"")
A20: =_xlfn.XLOOKUP(D20, Micromod!$D$2:$D$47,Micromod!$A$2:$A$47,"") -> 27/A13 | C20: CSI_D2 | D20: AD_B1_15 | E20: 1.31 | G20: 3:15 | K20: SCK1 | M20: A13-2 | O20: 27 | R20: 38 | T20: A14-2 | V20: CS1-0 | Z20: 3:12 | AB20: 1.28 | AC20: AD_B1_12 | AD20: CSI_D5 | AF20: =_xlfn.XLOOKUP(AC20, Micromod!$D$2:$D$47,Micromod!$A$2:$A$47,"")
A21: =_xlfn.XLOOKUP(D21, Micromod!$D$2:$D$47,Micromod!$A$2:$A$47,"") -> 28 | D21: EMC_32 | E21: 3.18 | L21: RX7 | N21: 3B1 | O21: 28 | R21: 37 | S21: 2B3 | V21: CS0-1 | Y21: 17 | Z21: 2:19,3:19 | AB21: 2.19 | AC21: B1_03 | AF21: =_xlfn.XLOOKUP(AC21, Micromod!$D$2:$D$47,Micromod!$A$2:$A$47,"")
A22: =_xlfn.XLOOKUP(D22, Micromod!$D$2:$D$47,Micromod!$A$2:$A$47,"") -> 29 | D22: EMC_31 | E22: 4.31 | L22: TX7 | N22: 3A1 | O22: 29 | R22: 36 | S22: 2A3 | V22: CS0-2 | Y22: 16 | Z22: 2:18,3:18 | AB22: 2.18 | AC22: B1_02 | AF22: =_xlfn.XLOOKUP(AC22, Micromod!$D$2:$D$47,Micromod!$A$2:$A$47,"")
A23: =_xlfn.XLOOKUP(D23, Micromod!$D$2:$D$47,Micromod!$A$2:$A$47,"") -> 30 | D23: EMC_37 | E23: 3.23 | H23: 23 | J23: RX3 | N23: G13 | O23: 30 | R23: 35 | U23: TX8 | Z23: 2:28,3:28 | AB23: 2.28 | AC23: B1_12 | AD23: CSI_PIXCLK | AF23: =_xlfn.XLOOKUP(AC23, Micromod!$D$2:$D$47,Micromod!$A$2:$A$47,"")
A24: =_xlfn.XLOOKUP(D24, Micromod!$D$2:$D$47,Micromod!$A$2:$A$47,"") -> 31 | D24: EMC_36 | E24: 3.22 | H24: 22 | J24: TX3 | N24: G12 | O24: 31 | R24: 34 | U24: RX8 | Z24: 2:29,3:29 | AB24: 2.29 | AC24: B1_13 | AD24: CSI_VSYNC | AF24: =_xlfn.XLOOKUP(AC24, Micromod!$D$2:$D$47,Micromod!$A$2:$A$47,"")
A25: =_xlfn.XLOOKUP(D25, Micromod!$D$2:$D$47,Micromod!$A$2:$A$47,"") -> 32 | D25: B0_12 | E25: 2.12 | F25: O1B | G25: 0.091666667 | H25: 10 | O25: 32 | R25: 33 | S25: 2B0 | Y25: 9 | Z25: 1:7 | AA25: MCL2 | AB25: 4.7 | AC25: EMC_07 | AF25: =_xlfn.XLOOKUP(AC25, Micromod!$D$2:$D$47,Micromod!$A$2:$A$47,"") -> 33
A26: =_xlfn.XLOOKUP(D26, Micromod!$D$2:$D$47,Micromod!$A$2:$A$47,"") | AF26: =_xlfn.XLOOKUP(AC26, Micromod!$D$2:$D$47,Micromod!$A$2:$A$47,"")
A27: =_xlfn.XLOOKUP(D27, Micromod!$D$2:$D$47,Micromod!$A$2:$A$47,"") | P27: SDIO Pins | AF27: =_xlfn.XLOOKUP(AC27, Micromod!$D$2:$D$47,Micromod!$A$2:$A$47,"")
A28: =_xlfn.XLOOKUP(D28, Micromod!$D$2:$D$47,Micromod!$A$2:$A$47,"") -> 34 | D28: SD_B0_03 | E28: 3.15 | G28: DATA1 | H28: 7 | K28: MISO2 | N28: 1B1 | O28: 42 | P28: ______| | Q28: |_____ | R28: 47 | S28: 1A2 | U28: TX5 | Y28: 8 | Z28: DATA2 | AB28: 3.16 | AC28: SD_B0_04 | AF28: =_xlfn.XLOOKUP(AC28, Micromod!$D$2:$D$47,Micromod!$A$2:$A$47,"") -> 38
A29: =_xlfn.XLOOKUP(D29, Micromod!$D$2:$D$47,Micromod!$A$2:$A$47,"") -> 35 | D29: SD_B0_02 | E29: 3.14 | G29: DATA0 | H29: 6 | K29: MOSI2 | L29: CTS5 | N29: 1A1 | O29: 43 | P29: _______| | Q29: |_______ | R29: 46 | S29: 1B2 | U29: RX5 | Y29: 9 | Z29: DATA3 | AB29: 3.17 | AC29: SD_B0_05 | AF29: =_xlfn.XLOOKUP(AC29, Micromod!$D$2:$D$47,Micromod!$A$2:$A$47,"") -> 39
A30: =_xlfn.XLOOKUP(D30, Micromod!$D$2:$D$47,Micromod!$A$2:$A$47,"") | M30: GND | P30: _________| | Q30: |_______ | R30: 45 | S30: 1A0 | V30: SCK2 | X30: SCL1 | Y30: 4 | Z30: CMD | AB30: 3.12 | AC30: SD_B0_00 | AF30: =_xlfn.XLOOKUP(AC30, Micromod!$D$2:$D$47,Micromod!$A$2:$A$47,"") -> 37
A31: =_xlfn.XLOOKUP(D31, Micromod!$D$2:$D$47,Micromod!$A$2:$A$47,"") -> 36 | D31: SD_B0_01 | E31: 3.13 | G31: CLK | H31: 5 | I31: SDA1 | K31: CS2 | N31: 1B0 | O31: 44 | P31: __________| | Q31: |___________ | R31: 3.3V | AF31: =_xlfn.XLOOKUP(AC31, Micromod!$D$2:$D$47,Micromod!$A$2:$A$47,"")
A32: =_xlfn.XLOOKUP(D32, Micromod!$D$2:$D$47,Micromod!$A$2:$A$47,"") | AF32: =_xlfn.XLOOKUP(AC32, Micromod!$D$2:$D$47,Micromod!$A$2:$A$47,"")
A33: =_xlfn.XLOOKUP(D33, Micromod!$D$2:$D$47,Micromod!$A$2:$A$47,"") | P33: Back Memory Chips | AF33: =_xlfn.XLOOKUP(AC33, Micromod!$D$2:$D$47,Micromod!$A$2:$A$47,"")
A34: =_xlfn.XLOOKUP(D34, Micromod!$D$2:$D$47,Micromod!$A$2:$A$47,"") | C34: F2A_D0 | D34: EMC_26 | E34: 4.26 | G34: 0.05 | L34: RX1 | N34: 1B1 | O34: 52 | R34: GND | AF34: =_xlfn.XLOOKUP(AC34, Micromod!$D$2:$D$47,Micromod!$A$2:$A$47,"")
A35: =_xlfn.XLOOKUP(D35, Micromod!$D$2:$D$47,Micromod!$A$2:$A$47,"") | C35: F2A_SCLK | D35: EMC_25 | E35: 4.25 | L35: TX1 | N35: 1A1 | O35: 53 | R35: 50 | S35: 1B2 | U35: CTS8 | V35: MOSI2 | Z35: 0.051388889 | AB35: 4.28 | AC35: EMC_28 | AD35: F2A_D2 | AF35: =_xlfn.XLOOKUP(AC35, Micromod!$D$2:$D$47,Micromod!$A$2:$A$47,"")
A36: =_xlfn.XLOOKUP(D36, Micromod!$D$2:$D$47,Micromod!$A$2:$A$47,"") | C36: F2A_D3 | D36: EMC_29 | E36: 4.29 | G36: 0.052083333 | K36: MISO2 | N36: 3A0 | O36: 54 | R36: 49 | S36: 1A2 | V36: SCK2 | Z36: 0.050694444 | AB36: 4.27 | AC36: EMC_27 | AD36: F2A_D1 | AF36: =_xlfn.XLOOKUP(AC36, Micromod!$D$2:$D$47,Micromod!$A$2:$A$47,"")
A37: =_xlfn.XLOOKUP(D37, Micromod!$D$2:$D$47,Micromod!$A$2:$A$47,"") | M37: 3.3V | Q37: (pin 1) | R37: 51 | S37: 3B3,Q23 | X37: SCL1 | AB37: 4.22 | AC37: EMC_22 | AD37: F2A_SS1_B | AF37: =_xlfn.XLOOKUP(AC37, Micromod!$D$2:$D$47,Micromod!$A$2:$A$47,"")
A38: =_xlfn.XLOOKUP(D38, Micromod!$D$2:$D$47,Micromod!$A$2:$A$47,"") | AF38: =_xlfn.XLOOKUP(AC38, Micromod!$D$2:$D$47,Micromod!$A$2:$A$47,"")
A39: =_xlfn.XLOOKUP(D39, Micromod!$D$2:$D$47,Micromod!$A$2:$A$47,"") | C39: F2A_D0 | D39: EMC_26 | E39: 4.26 | G39: 0.05 | L39: RX1 | N39: 1B1 | O39: 52 | R39: GND | AF39: =_xlfn.XLOOKUP(AC39, Micromod!$D$2:$D$47,Micromod!$A$2:$A$47,"")
A40: =_xlfn.XLOOKUP(D40, Micromod!$D$2:$D$47,Micromod!$A$2:$A$47,"") | C40: F2A_SCLK | D40: EMC_25 | E40: 4.25 | L40: TX1 | N40: 1A1 | O40: 53 | R40: 50 | S40: 1B2 | U40: CTS8 | V40: MOSI2 | Z40: 0.051388889 | AB40: 4.28 | AC40: EMC_28 | AD40: F2A_D2 | AF40: =_xlfn.XLOOKUP(AC40, Micromod!$D$2:$D$47,Micromod!$A$2:$A$47,"")
A41: =_xlfn.XLOOKUP(D41, Micromod!$D$2:$D$47,Micromod!$A$2:$A$47,"") | C41: F2A_D3 | D41: EMC_29 | E41: 4.29 | G41: 0.052083333 | K41: MISO2 | N41: 3A0 | O41: 54 | R41: 49 | S41: 1A2 | V41: SCK2 | Z41: 0.050694444 | AB41: 4.27 | AC41: EMC_27 | AD41: F2A_D1 | AF41: =_xlfn.XLOOKUP(AC41, Micromod!$D$2:$D$47,Micromod!$A$2:$A$47,"")
A42: =_xlfn.XLOOKUP(D42, Micromod!$D$2:$D$47,Micromod!$A$2:$A$47,"") | M42: 3.3V | Q42: (pin 1) | R42: 48 | S42: 1B0 | U42: RX8 | AB42: 4.24 | AC42: EMC_24 | AD42: F2A_SSO_B | AF42: =_xlfn.XLOOKUP(AC42, Micromod!$D$2:$D$47,Micromod!$A$2:$A$47,"")
